Frames,Timestamp,Intensity,pid,qid
0,1.1912680864334106,37.49841788622299,40,13
1,1.199314066085213,36.742110491582814,40,13
2,1.2073600457370153,35.807460988252956,40,13
3,1.2154060253888177,34.390988203164795,40,13
4,1.22345200504062,34.109025852679046,40,13
5,1.2314979846924223,34.25885779008328,40,13
6,1.2395439643442245,34.076279381547614,40,13
7,1.247589943996027,34.516040394042385,40,13
8,1.2556359236478292,35.19074932221248,40,13
9,1.2636819032996316,35.216379215225786,40,13
10,1.2717278829514338,37.32476608251535,40,13
11,1.2797738626032362,45.11969614822235,40,13
12,1.2878198422550384,53.0925071749661,40,13
13,1.2958658219068409,56.19238010064892,40,13
14,1.303911801558643,54.57267938878559,40,13
15,1.3119577812104455,55.86460281577527,40,13
16,1.3200037608622477,62.92948028531904,40,13
17,1.3280497405140501,67.26465071665626,40,13
18,1.3360957201658523,69.50443852794096,40,13
19,1.3441416998176547,70.3381375938634,40,13
20,1.352187679469457,70.18977347550535,40,13
21,1.3602336591212594,69.54916903086844,40,13
22,1.3682796387730618,69.24861305568163,40,13
23,1.376325618424864,69.4092746497517,40,13
24,1.3843715980766662,69.29147550493559,40,13
25,1.3924175777284686,68.71417633768199,40,13
26,1.400463557380271,68.31986390919073,40,13
27,1.4085095370320733,68.33728313294796,40,13
28,1.4165555166838757,68.64123921279636,40,13
29,1.424601496335678,69.12541157460228,40,13
30,1.4326474759874803,69.30106898460403,40,13
31,1.4406934556392825,69.03756240936231,40,13
32,1.448739435291085,68.37603719118947,40,13
33,1.4567854149428872,67.57653386044453,40,13
34,1.4648313945946896,67.06163894611208,40,13
35,1.4728773742464918,66.95900026912906,40,13
36,1.4809233538982942,67.10156622207688,40,13
37,1.4889693335500964,67.17416729156852,40,13
38,1.4970153132018988,66.84279444772751,40,13
39,1.5050612928537013,66.34612480315732,40,13
40,1.5131072725055035,66.26874976428749,40,13
41,1.5211532521573057,66.77183550853641,40,13
42,1.529199231809108,67.47974918076507,40,13
43,1.5372452114609105,67.91564781531764,40,13
44,1.5452911911127127,67.83378486206466,40,13
45,1.553337170764515,67.21072273001921,40,13
46,1.5613831504163174,67.04938218303003,40,13
47,1.5694291300681198,67.59924079104009,40,13
48,1.577475109719922,67.82079004078496,40,13
49,1.5855210893717244,67.47467682139246,40,13
50,1.5935670690235266,66.89382045580693,40,13
51,1.601613048675329,66.31383392271017,40,13
52,1.6096590283271313,65.47754771739503,40,13
53,1.6177050079789337,64.92588777421173,40,13
54,1.6257509876307359,64.94775101668439,40,13
55,1.6337969672825383,64.76825411839819,40,13
56,1.6418429469343405,64.27263127906056,40,13
57,1.649888926586143,63.71977865024817,40,13
58,1.6579349062379451,63.0648408272545,40,13
59,1.6659808858897476,62.511327660639715,40,13
60,1.67402686554155,61.98954300052225,40,13
61,1.6820728451933522,61.09700645759008,40,13
62,1.6901188248451544,59.899922863918235,40,13
63,1.6981648044969568,58.32025727374632,40,13
64,1.7062107841487593,56.0115457857405,40,13
65,1.7142567638005615,53.264784351082845,40,13
66,1.7223027434523637,50.46831568439422,40,13
67,1.730348723104166,47.685580615138214,40,13
68,1.7383947027559685,45.6575629339129,40,13
69,1.7464406824077707,44.28673987295874,40,13
70,1.754486662059573,42.9165277762817,40,13
71,1.7625326417113754,41.471123677811114,40,13
72,1.7705786213631778,40.01000639099804,40,13
73,1.77862460101498,38.701288168277884,40,13
74,1.7866705806667822,37.34466566083667,40,13
75,1.7947165603185846,35.40242103289468,40,13
76,1.802762539970387,35.27702887186139,40,13
77,1.8108085196221895,36.33426768376212,40,13
78,1.8188544992739917,35.72937804634616,40,13
79,1.8269004789257939,34.53329994544695,40,13
80,1.8349464585775963,33.87809238938248,40,13
81,1.8429924382293987,34.61375595281756,40,13
82,1.851038417881201,36.30404993609881,40,13
83,1.8590843975330031,37.15350556495557,40,13
84,1.8671303771848056,36.1420847009804,40,13
85,1.875176356836608,35.22562110570905,40,13
86,1.8832223364884102,34.80899896862745,40,13
87,1.8912683161402124,34.11639740908693,40,13
88,1.8993142957920148,35.34316252436189,40,13
89,1.9073602754438173,36.46792808804446,40,13
90,1.9154062550956195,37.10191952549174,40,13
91,1.9234522347474217,37.185935152142086,40,13
92,1.931498214399224,36.87066237299752,40,13
93,1.9395441940510265,36.262875051606585,40,13
94,1.9475901737028287,35.70668760436013,40,13
95,1.955636153354631,36.54906424474261,40,13
96,1.9636821330064334,37.83932696852205,40,13
97,1.9717281126582358,38.62473521738028,40,13
98,1.9797740923100382,38.262167107104844,40,13
99,1.9878200719618404,37.57648669858869,40,13
100,1.9958660516136426,36.96593954569653,40,13
101,2.003912031265445,35.39362617846426,40,13
102,2.0119580109172475,35.33755600866491,40,13
103,2.02000399056905,36.61501931496076,40,13
104,2.028049970220852,37.19387854433901,40,13
105,2.0360959498726543,37.58986283674676,40,13
106,2.0441419295244567,36.8391093201788,40,13
107,2.0521879091762587,35.18853126822498,40,13
108,2.060233888828061,34.41161038595085,40,13
109,2.0682798684798636,34.72155170302052,40,13
110,2.076325848131666,36.725403573487945,40,13
111,2.0843718277834684,43.21380447979101,40,13
112,2.0924178074352704,47.787668988116266,40,13
113,2.100463787087073,47.98343254571631,40,13
114,2.1085097667388752,44.14161152994396,40,13
115,2.1165557463906772,39.879758730148666,40,13
116,2.1246017260424797,38.38487818844671,40,13
117,2.132647705694282,37.23569585976709,40,13
118,2.1406936853460845,37.11645747156988,40,13
119,2.148739664997887,37.68367991024721,40,13
120,2.1567856446496894,37.831665268931715,40,13
121,2.1648316243014913,37.4987014038708,40,13
122,2.1728776039532938,35.35249700636504,40,13
123,2.180923583605096,33.484957267193764,40,13
124,2.188969563256898,34.570645536374236,40,13
125,2.1970155429087006,35.588851112774094,40,13
126,2.205061522560503,35.48202287369612,40,13
127,2.2131075022123055,36.6706084592323,40,13
128,2.221153481864108,38.490870360803,40,13
129,2.2291994615159103,38.14986995366336,40,13
130,2.2372454411677123,36.63911993358986,40,13
131,2.2452914208195147,35.57383349337099,40,13
132,2.2533374004713167,34.840594780145636,40,13
133,2.261383380123119,34.09619952539215,40,13
134,2.2694293597749216,34.158416906355406,40,13
135,2.277475339426724,35.36082732850631,40,13
136,2.2855213190785264,35.88436213342928,40,13
137,2.293567298730329,35.7902710404818,40,13
138,2.301613278382131,35.38991757804158,40,13
139,2.3096592580339332,34.64774547867528,40,13
140,2.317705237685735,34.72023965336192,40,13
141,2.3257512173375376,36.000711766488706,40,13
142,2.33379719698934,36.72198419067708,40,13
143,2.3418431766411425,36.207218003079696,40,13
144,2.349889156292945,35.06263324449468,40,13
145,2.3579351359447474,33.9388178793824,40,13
146,2.3659811155965493,34.63025388980034,40,13
147,2.3740270952483518,36.11326170444233,40,13
148,2.3820730749001537,37.26998494669553,40,13
149,2.390119054551956,38.198945196124725,40,13
150,2.3981650342037586,37.879385566514394,40,13
151,2.406211013855561,37.26678966436253,40,13
152,2.4142569935073634,36.72276168971482,40,13
153,2.422302973159166,35.866222515992604,40,13
154,2.4303489528109683,35.446487424265925,40,13
155,2.4383949324627703,36.597554122723736,40,13
156,2.4464409121145727,37.212998416374916,40,13
157,2.4544868917663747,36.53430155591766,40,13
158,2.462532871418177,38.38034652142107,40,13
159,2.4705788510699795,41.27960875639232,40,13
160,2.478624830721782,42.00729291010706,40,13
161,2.4866708103735844,40.00159065016996,40,13
162,2.494716790025387,37.72736066342756,40,13
163,2.502762769677189,40.7276709445291,40,13
164,2.5108087493289912,44.56779405303139,40,13
165,2.518854728980793,45.48241871283432,40,13
166,2.5269007086325956,43.41579562311893,40,13
167,2.534946688284398,41.13528495116764,40,13
168,2.5429926679362005,41.16823385323976,40,13
169,2.551038647588003,41.275114420487,40,13
170,2.5590846272398053,40.30559577552387,40,13
171,2.5671306068916078,38.1062782290157,40,13
172,2.5751765865434098,36.251147414485416,40,13
173,2.583222566195212,36.33808606175657,40,13
174,2.591268545847014,36.29077276812212,40,13
175,2.5993145254988166,34.986096046674675,40,13
176,2.607360505150619,34.91887559456832,40,13
177,2.6154064848024214,35.290375661774846,40,13
178,2.623452464454224,34.08437800968346,40,13
179,2.6314984441060263,34.01583606996127,40,13
180,2.6395444237578283,34.591071570959066,40,13
181,2.6475904034096307,35.33007453423768,40,13
182,2.6556363830614327,36.69054519611486,40,13
183,2.663682362713235,37.704805734311115,40,13
184,2.6717283423650375,37.62397326735232,40,13
185,2.67977432201684,36.794362429208924,40,13
186,2.6878203016686424,36.459831108428375,40,13
187,2.695866281320445,36.865597506510085,40,13
188,2.703912260972247,37.45306673351624,40,13
189,2.711958240624049,37.9414378974641,40,13
190,2.720004220275851,37.81450701551725,40,13
191,2.7280501999276536,37.483287158180914,40,13
192,2.736096179579456,37.760780498450025,40,13
193,2.7441421592312585,37.204431048475335,40,13
194,2.752188138883061,37.00246979597968,40,13
195,2.7602341185348633,37.73313649721322,40,13
196,2.7682800981866658,38.139410910015336,40,13
197,2.7763260778384677,38.30473483800171,40,13
198,2.78437205749027,38.430811147686335,40,13
199,2.792418037142072,37.994676783518045,40,13
200,2.8004640167938746,37.57165489995604,40,13
201,2.808509996445677,36.73238275965196,40,13
202,2.8165559760974794,36.021619519404574,40,13
203,2.824601955749282,36.80674431388994,40,13
204,2.8326479354010843,37.744730511314266,40,13
205,2.8406939150528863,37.241697162500245,40,13
206,2.8487398947046887,36.79956433750857,40,13
207,2.8567858743564907,37.580833824406696,40,13
208,2.864831854008293,37.67512033665121,40,13
209,2.8728778336600955,37.30704702876113,40,13
210,2.880923813311898,38.014988975488635,40,13
211,2.8889697929637004,38.50612306496736,40,13
212,2.897015772615503,38.03074064545571,40,13
213,2.905061752267305,38.16064249064648,40,13
214,2.913107731919107,38.38377867493131,40,13
215,2.9211537115709096,37.877567764343006,40,13
216,2.9291996912227116,37.40614892449612,40,13
217,2.937245670874514,37.61245499013046,40,13
218,2.9452916505263165,38.0060241588674,40,13
219,2.953337630178119,38.05878073958947,40,13
220,2.9613836098299213,37.59513945167476,40,13
221,2.9694295894817238,38.05772319157695,40,13
222,2.9774755691335257,38.685149880370034,40,13
223,2.985521548785328,38.61001548186501,40,13
224,2.99356752843713,38.589450418516165,40,13
225,3.0016135080889326,37.64454562406652,40,13
226,3.009659487740735,35.199961637243135,40,13
227,3.0177054673925374,33.94016233754175,40,13
228,3.02575144704434,34.28842597237831,40,13
229,3.0337974266961423,35.63241338490641,40,13
230,3.0418434063479443,36.476150312627105,40,13
231,3.0498893859997467,36.108167998724014,40,13
232,3.0579353656515487,35.91436369315761,40,13
233,3.065981345303351,36.3991649560177,40,13
234,3.0740273249551535,36.25354000708888,40,13
235,3.082073304606956,36.411562413564816,40,13
236,3.0901192842587584,36.87072577359076,40,13
237,3.098165263910561,36.56720806889274,40,13
238,3.1062112435623632,35.87022906689274,40,13
239,3.114257223214165,35.81156654077132,40,13
240,3.1223032028659676,35.16806050895741,40,13
241,3.1303491825177696,34.67546006050798,40,13
242,3.138395162169572,35.61911916535539,40,13
243,3.1464411418213745,37.500960893994765,40,13
244,3.154487121473177,38.53134240275984,40,13
245,3.1625331011249793,38.11748472349389,40,13
246,3.1705790807767817,35.879952484067886,40,13
247,3.1786250604285837,32.66217939052218,40,13
248,3.186671040080386,31.837051208019368,40,13
249,3.1947170197321886,32.72110746345861,40,13
250,3.2027629993839906,33.62928810943363,40,13
251,3.210808979035793,34.85900213841667,40,13
252,3.2188549586875954,35.73808167519171,40,13
253,3.226900938339398,35.614871252501395,40,13
254,3.2349469179912,33.51435113849056,40,13
255,3.2429928976430022,31.850945398374773,40,13
256,3.2510388772948047,32.95834489714912,40,13
257,3.259084856946607,33.96571272836032,40,13
258,3.2671308365984095,34.46493171480292,40,13
259,3.2751768162502115,34.06494285724063,40,13
260,3.283222795902014,33.86040477231083,40,13
261,3.2912687755538164,34.45909023240144,40,13
262,3.299314755205619,35.77854001401867,40,13
263,3.3073607348574208,35.59640913153035,40,13
264,3.315406714509223,36.16280985954895,40,13
265,3.3234526941610256,38.13082945997289,40,13
266,3.331498673812828,39.21564982665952,40,13
267,3.33954465346463,38.96889845825339,40,13
268,3.3475906331164325,38.389131821145696,40,13
269,3.355636612768235,37.307566391988956,40,13
270,3.3636825924200373,35.83206335111812,40,13
271,3.3717285720718393,34.94255213770683,40,13
272,3.3797745517236417,34.63615669604379,40,13
273,3.387820531375444,35.89499846115656,40,13
274,3.3958665110272466,36.4914296683496,40,13
275,3.4039124906790486,35.48108761172307,40,13
276,3.411958470330851,34.6618541330051,40,13
277,3.4200044499826534,35.68231251902666,40,13
278,3.428050429634456,36.3379443504123,40,13
279,3.4360964092862583,35.98956711578333,40,13
280,3.4441423889380602,36.01002302767343,40,13
281,3.4521883685898627,36.20300863793882,40,13
282,3.460234348241665,35.22985769820354,40,13
283,3.4682803278934675,34.42041430403705,40,13
284,3.4763263075452695,33.631739465033014,40,13
285,3.484372287197072,35.03804956288657,40,13
286,3.4924182668488744,37.06774966504571,40,13
287,3.500464246500677,38.521490133834554,40,13
288,3.5085102261524788,40.51115865298363,40,13
289,3.516556205804281,41.88132924097184,40,13
290,3.5246021854560836,40.83293877186436,40,13
291,3.532648165107886,38.60763772917552,40,13
292,3.540694144759688,36.26964893734764,40,13
293,3.5487401244114904,33.72470736657992,40,13
294,3.556786104063293,34.19213270471869,40,13
295,3.5648320837150953,36.1251776945056,40,13
296,3.5728780633668973,37.1663192060114,40,13
297,3.5809240430186997,37.23006099224075,40,13
298,3.588970022670502,36.64844756686434,40,13
299,3.5970160023223046,34.90303142068508,40,13
300,3.605061981974107,34.40340207452414,40,13
301,3.613107961625909,35.910121228776305,40,13
302,3.6211539412777114,36.72973753826731,40,13
303,3.629199920929514,35.39973155821389,40,13
304,3.6372459005813162,33.53480854426382,40,13
305,3.6452918802331182,32.753053718131,40,13
306,3.6533378598849207,33.90753516167567,40,13
307,3.661383839536723,35.583062000290425,40,13
308,3.6694298191885255,36.510592160204084,40,13
309,3.6774757988403275,36.79537097007051,40,13
310,3.68552177849213,36.73589727740043,40,13
311,3.6935677581439323,37.01940494239128,40,13
312,3.7016137377957348,36.95570817972451,40,13
313,3.7096597174475368,36.42859467291094,40,13
314,3.717705697099339,36.00783789707806,40,13
315,3.7257516767511416,35.92090333693132,40,13
316,3.733797656402944,36.94292351885416,40,13
317,3.741843636054746,37.87917373881976,40,13
318,3.7498896157065484,38.30661828105488,40,13
319,3.757935595358351,37.47906965857252,40,13
320,3.7659815750101533,35.74283398006552,40,13
321,3.7740275546619557,36.13456484466463,40,13
322,3.7820735343137577,36.76746187307827,40,13
323,3.79011951396556,36.972105118748374,40,13
324,3.7981654936173626,37.586527282726344,40,13
325,3.806211473269165,37.61223699262827,40,13
326,3.814257452920967,37.696800001811155,40,13
327,3.8223034325727694,39.85061485776113,40,13
328,3.830349412224572,45.76886137537563,40,13
329,3.8383953918763742,51.22769961683942,40,13
330,3.8464413715281762,54.69721902013538,40,13
331,3.8544873511799786,56.6336821991736,40,13
332,3.862533330831781,57.45096128420659,40,13
333,3.8705793104835835,57.66166474668539,40,13
334,3.8786252901353855,57.54372960892419,40,13
335,3.886671269787188,57.49688265203002,40,13
336,3.8947172494389903,59.389870228427704,40,13
337,3.9027632290907928,63.54599643380021,40,13
338,3.9108092087425947,66.4421798720734,40,13
339,3.918855188394397,67.84002237468015,40,13
340,3.9269011680461996,68.70773132427797,40,13
341,3.934947147698002,69.1051305204174,40,13
342,3.9429931273498044,69.30333255719836,40,13
343,3.9510391070016064,69.92402382118236,40,13
344,3.959085086653409,70.81003030325432,40,13
345,3.9671310663052113,71.4423415862178,40,13
346,3.9751770459570137,71.80442895493468,40,13
347,3.9832230256088157,72.15440432080618,40,13
348,3.991269005260618,72.46498157785413,40,13
349,3.9993149849124205,72.48004603556397,40,13
350,4.0073609645642225,72.30644209138822,40,13
351,4.015406944216025,72.37517616400909,40,13
352,4.023452923867827,72.52502905103965,40,13
353,4.03149890351963,72.3207455846517,40,13
354,4.039544883171432,71.46662550104531,40,13
355,4.047590862823235,69.57824037759457,40,13
356,4.055636842475037,66.49388062231253,40,13
357,4.0636828221268395,62.34626854913314,40,13
358,4.071728801778642,58.646511328865564,40,13
359,4.0797747814304435,57.54048209171579,40,13
360,4.087820761082246,57.4927927754061,40,13
361,4.095866740734048,57.718084497677964,40,13
362,4.103912720385851,57.94793502232518,40,13
363,4.111958700037653,58.52767724079697,40,13
364,4.120004679689455,60.01312427953362,40,13
365,4.128050659341257,61.49947908056939,40,13
366,4.13609663899306,62.83137500573605,40,13
367,4.144142618644862,64.07448276258447,40,13
368,4.152188598296664,65.03248519668989,40,13
369,4.160234577948467,66.01789815990139,40,13
370,4.168280557600269,67.16883799694193,40,13
371,4.176326537252072,67.8812354835428,40,13
372,4.184372516903874,68.08100827978542,40,13
373,4.1924184965556766,67.92197761765159,40,13
374,4.200464476207479,67.8374478395733,40,13
375,4.208510455859281,68.04305071228794,40,13
376,4.216556435511083,67.99176973674663,40,13
377,4.224602415162885,67.59384969175716,40,13
378,4.232648394814688,67.17222077483828,40,13
379,4.24069437446649,66.95308960095312,40,13
380,4.248740354118292,66.02815168652036,40,13
381,4.256786333770094,63.5581828511322,40,13
382,4.264832313421897,59.87326963337311,40,13
383,4.272878293073699,56.91102287187824,40,13
384,4.2809242727255015,57.40662659652665,40,13
385,4.288970252377304,58.36907070505682,40,13
386,4.297016232029106,57.542335135558744,40,13
387,4.305062211680909,54.80842696562984,40,13
388,4.313108191332711,50.4586582504612,40,13
389,4.321154170984514,46.79026679718055,40,13
390,4.329200150636316,47.36850549472807,40,13
391,4.3372461302881185,50.33561983875743,40,13
392,4.345292109939921,53.54228168599371,40,13
393,4.353338089591722,55.64906152628619,40,13
394,4.361384069243525,56.54537867795243,40,13
395,4.369430048895327,57.1898650450278,40,13
396,4.37747602854713,57.63055743482639,40,13
397,4.385522008198931,57.8785533060233,40,13
398,4.393567987850734,57.90356264543756,40,13
399,4.401613967502536,57.55431473835547,40,13
400,4.4096599471543385,56.61723562315253,40,13
401,4.417705926806141,54.23205003795002,40,13
402,4.425751906457943,49.97542208094239,40,13
403,4.433797886109746,50.78339924729193,40,13
404,4.441843865761548,58.92523604188531,40,13
405,4.449889845413351,64.4063305830146,40,13
406,4.457935825065153,67.19150058601171,40,13
407,4.4659818047169555,68.36118809834264,40,13
408,4.474027784368758,68.94223119028445,40,13
409,4.48207376402056,69.20068885059536,40,13
410,4.490119743672362,68.8349020887422,40,13
411,4.498165723324164,67.78485912587973,40,13
412,4.506211702975967,66.98223623835979,40,13
413,4.514257682627769,66.48548950694051,40,13
414,4.522303662279571,65.89639819435868,40,13
415,4.530349641931373,66.46896702650537,40,13
416,4.5383956215831756,67.57840483227032,40,13
417,4.546441601234978,68.05500469963219,40,13
418,4.55448758088678,68.11685730245077,40,13
419,4.562533560538583,68.00757619201413,40,13
420,4.570579540190385,67.3754573252486,40,13
421,4.578625519842188,66.67719613243924,40,13
422,4.58667149949399,67.05383193753752,40,13
423,4.5947174791457925,67.18901007089462,40,13
424,4.602763458797595,66.3715388406219,40,13
425,4.610809438449397,65.94858544638787,40,13
426,4.618855418101199,66.02243750545013,40,13
427,4.626901397753001,65.5801315052081,40,13
428,4.634947377404804,65.48466809487573,40,13
429,4.642993357056606,65.61033087940847,40,13
430,4.651039336708409,65.41507082748849,40,13
431,4.65908531636021,65.77558755509271,40,13
432,4.667131296012013,66.34670245526438,40,13
433,4.675177275663815,66.21503296192343,40,13
434,4.6832232553156175,65.73123018493278,40,13
435,4.69126923496742,65.41425546473309,40,13
436,4.699315214619222,64.85719876834747,40,13
437,4.707361194271025,64.7300572331996,40,13
438,4.715407173922827,64.69246814444762,40,13
439,4.72345315357463,64.1374110374635,40,13
440,4.731499133226432,63.26003895992373,40,13
441,4.739545112878234,62.14938935822002,40,13
442,4.747591092530037,61.13456609563073,40,13
443,4.755637072181838,60.63904146427207,40,13
444,4.763683051833641,59.961400436066555,40,13
445,4.771729031485443,60.30943111690064,40,13
446,4.779775011137246,61.23866929060719,40,13
447,4.787820990789047,61.519534717550016,40,13
448,4.79586697044085,62.32307849856383,40,13
449,4.803912950092652,63.89016851912825,40,13
450,4.8119589297444545,65.2332072158016,40,13
451,4.820004909396257,66.2576270625083,40,13
452,4.828050889048059,66.89739668436935,40,13
453,4.836096868699862,67.14470843939085,40,13
454,4.844142848351664,67.16646341421081,40,13
455,4.852188828003467,67.07221133110778,40,13
456,4.860234807655269,66.83841083176776,40,13
457,4.8682807873070715,66.77637226567394,40,13
458,4.876326766958874,66.66747528817895,40,13
459,4.884372746610676,66.99951937630239,40,13
460,4.892418726262478,67.40287948547832,40,13
461,4.90046470591428,67.12781584882188,40,13
462,4.908510685566083,66.9842993591003,40,13
463,4.916556665217885,67.08806407884582,40,13
464,4.924602644869687,66.64629266300862,40,13
465,4.932648624521489,66.18498694372846,40,13
466,4.9406946041732915,66.08010772268314,40,13
467,4.948740583825094,65.92935614058965,40,13
468,4.956786563476896,65.56030355944266,40,13
469,4.964832543128699,65.11602328739765,40,13
470,4.972878522780501,64.64550897316225,40,13
471,4.980924502432304,64.1077269672367,40,13
472,4.988970482084106,63.685838787245295,40,13
473,4.9970164617359085,63.31633031883221,40,13
474,5.005062441387711,62.66960224454106,40,13
475,5.013108421039513,61.18544448994007,40,13
476,5.021154400691316,58.837564246545995,40,13
477,5.029200380343117,56.020128874345986,40,13
478,5.03724635999492,52.69868066263747,40,13
479,5.045292339646722,49.60619556746522,40,13
480,5.053338319298525,46.84408569140796,40,13
481,5.061384298950326,43.46659666403014,40,13
482,5.069430278602129,41.82155207429852,40,13
483,5.077476258253931,41.14240860635824,40,13
484,5.085522237905733,40.32909984863578,40,13
485,5.093568217557536,39.77934254416563,40,13
486,5.101614197209338,39.28796945558175,40,13
487,5.109660176861141,38.4134933040374,40,13
488,5.117706156512943,37.88241709012942,40,13
489,5.125752136164746,38.00639475247907,40,13
490,5.133798115816548,37.9935097969029,40,13
491,5.14184409546835,37.959310069641916,40,13
492,5.149890075120153,38.103187131837835,40,13
493,5.157936054771955,37.27402462479354,40,13
494,5.165982034423757,36.321576372333695,40,13
495,5.174028014075559,35.61857797303911,40,13
496,5.182073993727362,34.80509712198658,40,13
497,5.190119973379164,34.79428061791839,40,13
498,5.1981659530309665,35.336901882239495,40,13
499,5.206211932682769,36.03557260731594,40,13
500,5.2142579123345705,35.66954700354062,40,13
501,5.222303891986373,34.77885539751663,40,13
502,5.230349871638175,34.09888064267337,40,13
503,5.238395851289978,32.6847483872092,40,13
504,5.24644183094178,33.334365598132585,40,13
505,5.254487810593583,35.59749043805818,40,13
506,5.262533790245385,37.08305166599997,40,13
507,5.2705797698971875,36.60349739401187,40,13
508,5.278625749548989,35.209572397541805,40,13
509,5.286671729200791,35.448868507253344,40,13
510,5.294717708852594,35.87925887159179,40,13
511,5.302763688504396,35.92457294578706,40,13
512,5.310809668156199,36.84642295538076,40,13
513,5.318855647808001,37.49073764151642,40,13
514,5.326901627459804,36.964722539752955,40,13
515,5.334947607111606,36.25319850011065,40,13
516,5.342993586763408,36.26412865259097,40,13
517,5.35103956641521,36.45784867387364,40,13
518,5.359085546067012,35.845851072928895,40,13
519,5.367131525718815,34.285635434650914,40,13
520,5.375177505370617,33.083665774736055,40,13
521,5.38322348502242,33.918770859940174,40,13
522,5.391269464674222,35.33260064613271,40,13
523,5.3993154443260245,35.5173883707088,40,13
524,5.407361423977827,34.14223445868315,40,13
525,5.4154074036296285,32.25490324259536,40,13
526,5.423453383281431,32.608077603751305,40,13
527,5.431499362933233,34.21592311886619,40,13
528,5.439545342585036,35.81526285246448,40,13
529,5.447591322236838,36.492509284489174,40,13
530,5.455637301888641,35.953821707248636,40,13
531,5.463683281540443,34.63543033349195,40,13
532,5.4717292611922455,34.14539030642773,40,13
533,5.479775240844047,34.697787616850995,40,13
534,5.487821220495849,36.283170987151166,40,13
535,5.495867200147652,37.11292407812874,40,13
536,5.503913179799454,37.90699850205037,40,13
537,5.511959159451257,38.120991083511825,40,13
538,5.520005139103059,36.82614325813895,40,13
539,5.5280511187548615,36.36779823653598,40,13
540,5.536097098406664,36.33013580668834,40,13
541,5.544143078058466,36.50081984286422,40,13
542,5.552189057710268,36.737511416364676,40,13
543,5.56023503736207,37.55148703811664,40,13
544,5.568281017013873,38.016134489747245,40,13
545,5.576326996665675,37.14485606057661,40,13
546,5.584372976317478,36.23888582459951,40,13
547,5.59241895596928,37.947549358113754,40,13
548,5.6004649356210825,45.622985573721394,40,13
549,5.608510915272885,51.55261854514655,40,13
550,5.6165568949246865,53.312671070860624,40,13
551,5.624602874576489,51.89363589395586,40,13
552,5.632648854228291,52.3126799200509,40,13
553,5.640694833880094,56.6722380416661,40,13
554,5.648740813531896,59.90559518784221,40,13
555,5.656786793183699,62.14284493678048,40,13
556,5.664832772835501,64.26271720714878,40,13
557,5.6728787524873034,65.54485870932284,40,13
558,5.680924732139106,65.66524163244743,40,13
559,5.688970711790907,64.91932123345555,40,13
560,5.69701669144271,63.63546533965217,40,13
561,5.705062671094512,62.00156597230621,40,13
562,5.713108650746315,60.5222638782996,40,13
563,5.721154630398117,60.14293217687371,40,13
564,5.7292006100499195,60.02580471797523,40,13
565,5.737246589701722,59.10817387161683,40,13
566,5.745292569353524,57.385307515997674,40,13
567,5.753338549005326,55.18180696196842,40,13
568,5.761384528657128,52.044628394008186,40,13
569,5.769430508308931,47.584173038063504,40,13
570,5.777476487960733,45.99200596031479,40,13
571,5.785522467612536,50.26548707458553,40,13
572,5.793568447264338,55.147183764567146,40,13
573,5.8016144269161405,59.59863878296902,40,13
574,5.809660406567943,62.460057657757446,40,13
575,5.8177063862197445,64.10147894182387,40,13
576,5.825752365871547,65.1017433750984,40,13
577,5.833798345523349,65.62045866207998,40,13
578,5.841844325175152,65.59478710616148,40,13
579,5.849890304826954,65.24190332576548,40,13
580,5.857936284478757,64.72893361387112,40,13
581,5.865982264130559,64.55172888399643,40,13
582,5.874028243782361,64.97166434053466,40,13
583,5.882074223434164,65.03316119584055,40,13
584,5.890120203085965,64.75422565951492,40,13
585,5.898166182737768,65.01976190725219,40,13
586,5.90621216238957,65.50946873982768,40,13
587,5.914258142041373,65.75893300212019,40,13
588,5.922304121693175,65.79736020756349,40,13
589,5.9303501013449775,65.74995955022077,40,13
590,5.93839608099678,65.53421589317216,40,13
591,5.946442060648582,64.92521819405546,40,13
592,5.954488040300384,63.889040669204824,40,13
593,5.962534019952186,63.01752709537409,40,13
594,5.970579999603989,62.20630165775483,40,13
595,5.978625979255791,60.86074512150322,40,13
596,5.986671958907594,58.91879619917937,40,13
597,5.994717938559396,56.31888342097774,40,13
598,6.0027639182111985,53.2103309018119,40,13
599,6.010809897863001,51.09400900533055,40,13
600,6.018855877514803,50.6337724732095,40,13
601,6.026901857166605,51.49107619913572,40,13
602,6.034947836818407,52.70751184202278,40,13
603,6.04299381647021,53.68108409082094,40,13
604,6.051039796122012,53.84727584780208,40,13
605,6.059085775773815,52.71114515643248,40,13
606,6.067131755425617,51.51199562652002,40,13
607,6.075177735077419,52.13200030320799,40,13
608,6.083223714729222,53.818806084357966,40,13
609,6.091269694381023,55.21482366489633,40,13
610,6.099315674032826,56.213295831841506,40,13
611,6.107361653684628,57.11271052622463,40,13
612,6.115407633336431,57.774904382576615,40,13
613,6.123453612988233,57.383438131595916,40,13
614,6.1314995926400355,55.85690368357874,40,13
615,6.139545572291838,53.4828801125348,40,13
616,6.14759155194364,50.99805671289054,40,13
617,6.155637531595442,49.53005881946038,40,13
618,6.163683511247244,52.3664997358479,40,13
619,6.171729490899047,57.41855333285875,40,13
620,6.179775470550849,60.87068807989061,40,13
621,6.187821450202652,62.515910851917326,40,13
622,6.195867429854454,63.04769288676012,40,13
623,6.2039134095062565,63.4160202278544,40,13
624,6.211959389158059,63.945692953685494,40,13
625,6.220005368809861,64.38384543697848,40,13
626,6.228051348461663,64.81524455363737,40,13
627,6.236097328113465,65.33944822556252,40,13
628,6.244143307765268,65.72729086848832,40,13
629,6.25218928741707,65.86041237050979,40,13
630,6.260235267068873,65.73942244956359,40,13
631,6.268281246720675,65.49412303202077,40,13
632,6.276327226372477,65.7602138789459,40,13
633,6.28437320602428,66.33659108625925,40,13
634,6.292419185676081,66.59713540867224,40,13
635,6.300465165327884,66.75827564477221,40,13
636,6.308511144979686,66.87600129132873,40,13
637,6.316557124631489,66.94975068204474,40,13
638,6.324603104283291,66.95665141054242,40,13
639,6.3326490839350935,66.69476464552827,40,13
640,6.340695063586896,65.98865025198818,40,13
641,6.348741043238698,64.62900083108038,40,13
642,6.356787022890501,62.595866364465095,40,13
643,6.364833002542302,61.2396242207251,40,13
644,6.372878982194105,61.13450838768428,40,13
645,6.380924961845907,61.179594339852486,40,13
646,6.38897094149771,61.56796994052385,40,13
647,6.397016921149512,62.58736324821388,40,13
648,6.4050629008013145,63.266856960511866,40,13
649,6.413108880453117,63.492514870399376,40,13
650,6.421154860104919,63.548715673527695,40,13
651,6.429200839756721,63.42947588816416,40,13
652,6.437246819408523,63.09356379327029,40,13
653,6.445292799060326,62.64139956584568,40,13
654,6.453338778712128,62.65583555501226,40,13
655,6.461384758363931,63.2122977225994,40,13
656,6.469430738015733,63.58094816718924,40,13
657,6.477476717667535,63.815480240919804,40,13
658,6.485522697319338,64.02927342910122,40,13
659,6.493568676971139,64.0128137572678,40,13
660,6.501614656622942,63.679274037291705,40,13
661,6.509660636274744,63.28333252994394,40,13
662,6.517706615926547,62.5951595919534,40,13
663,6.525752595578349,61.902393908063104,40,13
664,6.5337985752301515,61.58805523451893,40,13
665,6.541844554881954,61.15508723735262,40,13
666,6.549890534533756,60.587237628004466,40,13
667,6.557936514185559,60.18545340483782,40,13
668,6.56598249383736,60.03277524214635,40,13
669,6.574028473489163,60.09864850544578,40,13
670,6.582074453140965,60.34122295033438,40,13
671,6.590120432792768,60.58073158392921,40,13
672,6.59816641244457,60.34086407418521,40,13
673,6.6062123920963725,59.77996593001613,40,13
674,6.614258371748175,59.64627361101755,40,13
675,6.622304351399977,59.66170388406862,40,13
676,6.630350331051779,59.469706692558624,40,13
677,6.638396310703581,59.62523329156697,40,13
678,6.646442290355384,59.98079068818116,40,13
679,6.654488270007186,59.9223239960147,40,13
680,6.6625342496589885,59.58220069308218,40,13
681,6.670580229310791,59.62784626339377,40,13
682,6.678626208962593,59.49474989543491,40,13
683,6.686672188614396,58.900706607596625,40,13
684,6.694718168266198,58.18524186337115,40,13
685,6.702764147918,57.06171589234225,40,13
686,6.710810127569802,56.161550374919564,40,13
687,6.718856107221605,55.89882067012263,40,13
688,6.726902086873407,55.65115220504385,40,13
689,6.7349480665252095,55.39941497240753,40,13
690,6.742994046177012,54.66824769705191,40,13
691,6.751040025828814,53.21386390903294,40,13
692,6.759086005480617,52.84164528656107,40,13
693,6.767131985132418,53.22835800631985,40,13
694,6.775177964784221,52.25520143663532,40,13
695,6.783223944436023,49.08250450121123,40,13
696,6.791269924087826,43.671977786873015,40,13
697,6.799315903739628,37.43088108388663,40,13
698,6.8073618833914304,35.1784902908394,40,13
699,6.815407863043233,34.11567172434575,40,13
700,6.823453842695035,37.35382341329745,40,13
701,6.831499822346837,43.459856574934996,40,13
702,6.839545801998639,46.166003731268916,40,13
703,6.847591781650442,45.3167758750682,40,13
704,6.855637761302244,42.84400034480054,40,13
705,6.8636837409540465,40.019259777916325,40,13
706,6.871729720605849,37.51592865334372,40,13
707,6.879775700257651,36.73177528583617,40,13
708,6.887821679909454,36.93029206035477,40,13
709,6.895867659561256,36.534895094215,40,13
710,6.903913639213058,36.59131448282999,40,13
711,6.91195961886486,37.09280028976883,40,13
712,6.920005598516663,37.046158689483015,40,13
713,6.928051578168465,36.1584133934306,40,13
714,6.9360975578202675,35.870776203822096,40,13
715,6.94414353747207,36.40375019473637,40,13
716,6.952189517123872,36.10218247346434,40,13
717,6.960235496775675,35.777163259976234,40,13
718,6.968281476427476,35.40042321652487,40,13
719,6.976327456079279,34.644114495586884,40,13
720,6.984373435731081,34.281622816954496,40,13
721,6.992419415382884,34.12737646968807,40,13
722,7.000465395034686,32.858642877421154,40,13
723,7.008511374686488,33.127522767954424,40,13
724,7.016557354338291,34.721196618692034,40,13
725,7.024603333990093,34.54179215544435,40,13
726,7.032649313641896,33.567947268234434,40,13
727,7.040695293293697,35.83295422921096,40,13
728,7.0487412729455,37.76423135961167,40,13
729,7.056787252597302,37.11918221318433,40,13
730,7.0648332322491045,36.367574041313944,40,13
731,7.072879211900907,37.35495482910522,40,13
732,7.080925191552709,38.04346385620255,40,13
733,7.088971171204512,37.46554135098437,40,13
734,7.097017150856314,36.72431406400644,40,13
735,7.105063130508116,35.67297036025983,40,13
736,7.113109110159918,34.748940136054046,40,13
737,7.121155089811721,34.37624699606576,40,13
738,7.129201069463523,34.300621255400664,40,13
739,7.1372470491153255,33.79725084419689,40,13
740,7.145293028767128,33.86096430182367,40,13
741,7.15333900841893,34.32956245636073,40,13
742,7.161384988070733,34.28668841671903,40,13
743,7.169430967722534,34.49561909701666,40,13
744,7.177476947374337,34.244253201232084,40,13
745,7.185522927026139,33.14486377127741,40,13
746,7.193568906677942,33.41029662404816,40,13
747,7.201614886329744,34.39670631527379,40,13
748,7.209660865981546,35.34143127128733,40,13
749,7.217706845633349,35.78930599240596,40,13
750,7.225752825285151,35.497894107866905,40,13
751,7.233798804936954,35.11114034016736,40,13
752,7.241844784588755,34.31068730511649,40,13
753,7.249890764240558,34.12130790832851,40,13
754,7.25793674389236,35.52563454922571,40,13
755,7.2659827235441625,36.596459151209984,40,13
756,7.274028703195965,36.15674929725341,40,13
757,7.282074682847767,34.67218115196597,40,13
758,7.29012066249957,33.88650828901531,40,13
759,7.298166642151372,34.75962340135423,40,13
760,7.306212621803174,35.877094398941466,40,13
761,7.314258601454976,37.128605318649896,40,13
762,7.322304581106779,38.16761960572447,40,13
763,7.330350560758581,37.456280683189746,40,13
764,7.3383965404103835,35.99045316063558,40,13
765,7.346442520062186,35.014765089082914,40,13
766,7.354488499713988,34.44481560198201,40,13
767,7.362534479365791,34.110055445500016,40,13
768,7.370580459017592,34.39631964581906,40,13
769,7.378626438669395,35.40448127234305,40,13
770,7.386672418321197,36.137853313307495,40,13
771,7.394718397973,35.7960696569318,40,13
772,7.402764377624802,35.45046574491518,40,13
773,7.410810357276604,35.52035876027023,40,13
774,7.418856336928407,36.14194222555298,40,13
775,7.426902316580209,35.405713010062435,40,13
776,7.434948296232012,34.81988564430007,40,13
777,7.442994275883813,35.685071008037646,40,13
778,7.451040255535616,36.72506253067712,40,13
779,7.459086235187418,37.91418967711764,40,13
780,7.4671322148392205,38.56259619452868,40,13
781,7.475178194491023,39.119711659296314,40,13
782,7.483224174142825,39.315941269746105,40,13
783,7.491270153794628,39.10610452964818,40,13
784,7.49931613344643,38.18919455604826,40,13
785,7.507362113098232,37.720764764676375,40,13
786,7.515408092750034,39.91774877752696,40,13
787,7.523454072401837,48.48120757645687,40,13
788,7.531500052053639,54.80760649567479,40,13
789,7.5395460317054415,58.37819489127672,40,13
790,7.547592011357244,61.362183880441066,40,13
791,7.555637991009046,64.22010271419747,40,13
792,7.563683970660849,65.89955303909701,40,13
793,7.571729950312651,66.31754082468666,40,13
794,7.579775929964453,65.86783696259994,40,13
795,7.587821909616255,65.01542332555405,40,13
796,7.595867889268058,64.79373579728292,40,13
797,7.60391386891986,65.37098528487877,40,13
798,7.611959848571662,65.50895386135575,40,13
799,7.620005828223465,65.18260483577106,40,13
800,7.628051807875267,65.2695802024605,40,13
801,7.63609778752707,65.24372827854316,40,13
802,7.644143767178871,64.28556819920844,40,13
803,7.652189746830674,62.230788321817876,40,13
804,7.660235726482476,60.9907957300685,40,13
805,7.6682817061342785,62.14550436689086,40,13
806,7.676327685786081,62.83166065291353,40,13
807,7.684373665437883,62.69100003121804,40,13
808,7.692419645089686,62.38740531792013,40,13
809,7.700465624741488,62.50825797499167,40,13
810,7.70851160439329,63.59914320115869,40,13
811,7.716557584045092,64.87857319164887,40,13
812,7.724603563696895,65.89437254595161,40,13
813,7.732649543348697,66.4215423757735,40,13
814,7.7406955230004995,66.51996312881744,40,13
815,7.748741502652302,66.54291830124394,40,13
816,7.756787482304104,66.31659720562712,40,13
817,7.764833461955907,65.72624263401862,40,13
818,7.772879441607709,65.66125362731779,40,13
819,7.780925421259511,66.38347035818458,40,13
820,7.788971400911313,66.66683317713382,40,13
821,7.7970173805631156,66.01438149525106,40,13
822,7.805063360214918,65.23186822761477,40,13
823,7.81310933986672,64.93737536191973,40,13
824,7.821155319518523,64.62847092347202,40,13
825,7.829201299170325,63.04261489687387,40,13
826,7.837247278822128,59.5615521072295,40,13
827,7.845293258473929,55.350964443495,40,13
828,7.853339238125732,54.03829296361362,40,13
829,7.861385217777534,54.60801669233584,40,13
830,7.8694311974293365,55.36489466237736,40,13
831,7.877477177081139,56.02994742604209,40,13
832,7.885523156732941,56.65351691575239,40,13
833,7.893569136384744,57.185210154820076,40,13
834,7.901615116036546,57.1625648541777,40,13
835,7.909661095688349,56.64098144642645,40,13
836,7.91770707534015,56.36011264453121,40,13
837,7.925753054991953,55.7411837266401,40,13
838,7.933799034643755,54.290694311176885,40,13
839,7.9418450142955574,52.147782379081306,40,13
840,7.94989099394736,53.22186699460609,40,13
841,7.957936973599162,59.383381177900205,40,13
842,7.965982953250965,62.84825042332724,40,13
843,7.974028932902767,63.872247860904054,40,13
844,7.982074912554569,64.51659798939768,40,13
845,7.990120892206371,65.42711797031025,40,13
846,7.9981668718581735,66.10479008031723,40,13
847,8.006212851509975,66.18039803615426,40,13
848,8.01425883116178,66.14923407735833,40,13
849,8.02230481081358,66.09084868893999,40,13
850,8.030350790465384,65.68955697004515,40,13
851,8.038396770117185,65.22908781154773,40,13
852,8.046442749768987,64.8387154377855,40,13
853,8.05448872942079,64.52960234741585,40,13
854,8.062534709072592,64.3132480592617,40,13
855,8.070580688724394,64.34541029699278,40,13
856,8.078626668376197,64.68809851250413,40,13
857,8.086672648028,64.79194229835892,40,13
858,8.094718627679802,64.62627900543359,40,13
859,8.102764607331604,64.37928515328481,40,13
860,8.110810586983407,63.230705776572435,40,13
861,8.118856566635209,60.33823348731425,40,13
862,8.12690254628701,55.74514577416571,40,13
863,8.134948525938814,50.95787880071468,40,13
864,8.142994505590615,49.33828412855182,40,13
865,8.151040485242419,48.525182912518694,40,13
866,8.15908646489422,45.54960010905903,40,13
867,8.167132444546024,41.050534391668265,40,13
868,8.175178424197824,38.5405004813836,40,13
869,8.183224403849627,37.358516329530346,40,13
870,8.191270383501429,35.9361206094392,40,13
871,8.199316363153232,37.89796766267502,40,13
872,8.207362342805034,44.31403959413886,40,13
873,8.215408322456836,49.98741353747342,40,13
874,8.223454302108639,52.59179167941593,40,13
875,8.231500281760441,53.03870262745167,40,13
876,8.239546261412244,54.456340963145166,40,13
877,8.247592241064046,59.17212101631136,40,13
878,8.255638220715849,62.8697030385291,40,13
879,8.26368420036765,64.48801138353883,40,13
880,8.271730180019453,64.4190903513107,40,13
881,8.279776159671254,63.48616529232821,40,13
882,8.287822139323058,62.387223657820876,40,13
883,8.295868118974859,60.73842780644502,40,13
884,8.303914098626663,59.86587503900857,40,13
885,8.311960078278464,59.857402371505344,40,13
886,8.320006057930266,58.50181959571571,40,13
887,8.328052037582069,56.76545951348657,40,13
888,8.336098017233871,56.74850638005761,40,13
889,8.344143996885673,56.75642051409631,40,13
890,8.352189976537476,55.39199768145261,40,13
891,8.360235956189278,52.659199449192954,40,13
892,8.36828193584108,49.468347373576094,40,13
893,8.376327915492883,46.189276620675926,40,13
894,8.384373895144684,41.96502373396051,40,13
895,8.392419874796488,36.96478058625702,40,13
896,8.400465854448289,38.91951664667332,40,13
897,8.408511834100093,48.71220896106485,40,13
898,8.416557813751893,53.93382081231698,40,13
899,8.424603793403698,55.66311399566508,40,13
900,8.432649773055498,58.72731604107473,40,13
901,8.440695752707303,62.92726827069475,40,13
902,8.448741732359103,65.47690129239044,40,13
903,8.456787712010906,66.77679958439428,40,13
904,8.464833691662708,67.74142688586149,40,13
905,8.47287967131451,68.31164321367795,40,13
906,8.480925650966313,68.14915805254813,40,13
907,8.488971630618115,67.61136061841951,40,13
908,8.497017610269918,67.26571675389098,40,13
909,8.50506358992172,67.26933101964369,40,13
910,8.513109569573523,67.34576757497611,40,13
911,8.521155549225323,67.16718798548294,40,13
912,8.529201528877127,66.75937709771223,40,13
913,8.537247508528928,66.25466295053825,40,13
914,8.545293488180732,65.6412443916106,40,13
915,8.553339467832533,64.95641410102816,40,13
916,8.561385447484337,64.56781253285412,40,13
917,8.569431427136138,64.19793047347301,40,13
918,8.577477406787942,63.501115100783935,40,13
919,8.585523386439743,62.66744632075819,40,13
920,8.593569366091545,61.67178689585765,40,13
921,8.601615345743348,60.18092390291929,40,13
922,8.60966132539515,57.76060801169923,40,13
923,8.617707305046952,54.526141213200525,40,13
924,8.625753284698755,52.48721428930902,40,13
925,8.633799264350557,52.98520233729544,40,13
926,8.64184524400236,53.584652535082746,40,13
927,8.649891223654162,53.97749705168629,40,13
928,8.657937203305963,54.78598778719443,40,13
929,8.665983182957767,55.43249544891125,40,13
930,8.674029162609568,55.30332776506939,40,13
931,8.682075142261372,54.61269128215234,40,13
932,8.690121121913172,53.94037706655094,40,13
933,8.698167101564977,53.38309722798588,40,13
934,8.706213081216777,52.81171516768106,40,13
935,8.714259060868581,52.53383370509062,40,13
936,8.722305040520382,52.60656342620479,40,13
937,8.730351020172185,52.37682359155606,40,13
938,8.738396999823987,51.817628716487754,40,13
939,8.74644297947579,50.87171599758467,40,13
940,8.754488959127592,48.295366891192984,40,13
941,8.762534938779394,47.17365776933748,40,13
942,8.770580918431197,53.232595556374136,40,13
943,8.778626898083,58.56832244435333,40,13
944,8.786672877734802,61.434259542788226,40,13
945,8.794718857386602,62.39814944770824,40,13
946,8.802764837038406,62.300792796347864,40,13
947,8.810810816690207,62.007365013363504,40,13
948,8.818856796342011,62.477878333799964,40,13
949,8.826902775993812,63.56014014960515,40,13
950,8.834948755645616,64.24200241707496,40,13
951,8.842994735297417,64.56985454359331,40,13
952,8.851040714949221,64.96155386241284,40,13
953,8.859086694601022,65.1314837487051,40,13
954,8.867132674252824,64.7824403200074,40,13
955,8.875178653904626,64.47973001201736,40,13
956,8.883224633556429,64.89864062191043,40,13
957,8.891270613208231,65.08223828317486,40,13
958,8.899316592860034,64.85313630367179,40,13
959,8.907362572511836,64.66621294651486,40,13
960,8.915408552163639,64.58173135180657,40,13
961,8.923454531815441,64.14895525550187,40,13
962,8.931500511467242,63.05378426402478,40,13
963,8.939546491119046,61.49015385627447,40,13
964,8.947592470770847,60.28136757693579,40,13
965,8.95563845042265,59.882127790563295,40,13
966,8.963684430074451,60.15891257387591,40,13
967,8.971730409726256,60.63894690802932,40,13
968,8.979776389378056,61.04350336283902,40,13
969,8.98782236902986,61.33539802538777,40,13
970,8.995868348681661,61.40788760796748,40,13
971,9.003914328333464,61.22553252296502,40,13
972,9.011960307985266,60.89160258095479,40,13
973,9.020006287637068,60.84564748568901,40,13
974,9.02805226728887,60.75296640122214,40,13
975,9.036098246940673,60.258011582724606,40,13
976,9.044144226592476,60.23946410511683,40,13
977,9.052190206244278,60.232684663801436,40,13
978,9.06023618589608,60.085638088691375,40,13
979,9.068282165547881,59.83756564301561,40,13
980,9.076328145199685,59.25809539780765,40,13
981,9.084374124851486,58.55707504030587,40,13
982,9.09242010450329,57.96145255395608,40,13
983,9.10046608415509,57.62231334668986,40,13
984,9.108512063806895,57.3063514692145,40,13
985,9.116558043458696,57.151190938748016,40,13
986,9.1246040231105,57.34895135090596,40,13
987,9.1326500027623,57.592250611321646,40,13
988,9.140695982414103,57.57934074270922,40,13
989,9.148741962065905,56.905401259070025,40,13
990,9.156787941717708,56.07818117089006,40,13
991,9.16483392136951,55.74256637389234,40,13
992,9.172879901021313,55.722012515155996,40,13
993,9.180925880673115,55.800487038415795,40,13
994,9.188971860324918,55.61832241393607,40,13
995,9.19701783997672,55.45339686260527,40,13
996,9.205063819628522,55.30343711865402,40,13
997,9.213109799280325,54.942684299672706,40,13
998,9.221155778932127,54.61543967297051,40,13
999,9.229201758583928,54.20592294593253,40,13
1000,9.23724773823573,53.74328558792257,40,13
1001,9.245293717887533,53.24700174124029,40,13
1002,9.253339697539335,52.698918756329796,40,13
1003,9.261385677191138,52.098450731697014,40,13
1004,9.26943165684294,52.01337138263607,40,13
1005,9.277477636494742,52.426525557769196,40,13
1006,9.285523616146545,52.72856291283696,40,13
1007,9.293569595798347,53.09601109374981,40,13
1008,9.30161557545015,53.07606045036374,40,13
1009,9.309661555101952,51.92528546151393,40,13
1010,9.317707534753755,49.58783298757361,40,13
1011,9.325753514405557,46.0834589866719,40,13
1012,9.33379949405736,42.39794239749635,40,13
1013,9.341845473709162,38.45606844209311,40,13
1014,9.349891453360964,33.91771432053944,40,13
1015,9.357937433012767,31.71895304308432,40,13
1016,9.365983412664567,36.82728012852125,40,13
1017,9.37402939231637,44.44864080741313,40,13
1018,9.382075371968172,47.3127464474232,40,13
1019,9.390121351619975,45.27261178861863,40,13
1020,9.398167331271777,39.21262599361359,40,13
1021,9.40621331092358,35.776022678376144,40,13
1022,9.414259290575382,35.75516784882102,40,13
1023,9.422305270227184,35.65727691473944,40,13
1024,9.430351249878987,35.60783416490088,40,13
1025,9.43839722953079,35.16193645086145,40,13
1026,9.446443209182592,34.491483042885335,40,13
1027,9.454489188834394,34.93058997200243,40,13
1028,9.462535168486196,35.88448994489144,40,13
1029,9.470581148137999,35.79889174955537,40,13
1030,9.478627127789801,35.02361817439389,40,13
1031,9.486673107441604,34.89453474065025,40,13
1032,9.494719087093406,35.4901699459206,40,13
1033,9.502765066745207,36.32474126417777,40,13
1034,9.51081104639701,37.02250096968239,40,13
1035,9.518857026048812,36.89485456612029,40,13
1036,9.526903005700614,36.567243402220605,40,13
1037,9.534948985352417,36.0382960725024,40,13
1038,9.542994965004219,35.44726497842361,40,13
1039,9.551040944656021,35.03529277043306,40,13
1040,9.559086924307824,34.79934608355453,40,13
1041,9.567132903959626,34.96040161471927,40,13
1042,9.575178883611429,35.55329498706478,40,13
1043,9.583224863263231,35.57683475245648,40,13
1044,9.591270842915034,36.70100097997421,40,13
1045,9.599316822566836,38.088476129172776,40,13
1046,9.607362802218638,37.51670637948445,40,13
1047,9.61540878187044,35.984782115055026,40,13
1048,9.623454761522243,34.85604753671276,40,13
1049,9.631500741174046,34.899674119587985,40,13
1050,9.639546720825846,34.7205611291472,40,13
1051,9.647592700477649,35.50857069076127,40,13
1052,9.655638680129451,36.258220842496634,40,13
1053,9.663684659781254,36.68173032158093,40,13
1054,9.671730639433056,38.58003905176082,40,13
1055,9.679776619084858,39.655278188824745,40,13
1056,9.68782259873666,38.367412150554074,40,13
1057,9.695868578388463,36.51592214660041,40,13
1058,9.703914558040266,35.05765959493472,40,13
1059,9.711960537692068,34.75178776815315,40,13
1060,9.72000651734387,36.54235729190381,40,13
1061,9.728052496995673,37.671663740286505,40,13
1062,9.736098476647475,36.92428337429788,40,13
1063,9.744144456299278,36.11098731300462,40,13
1064,9.75219043595108,35.808908008058644,40,13
1065,9.760236415602883,35.09044407036728,40,13
1066,9.768282395254683,35.10989958802553,40,13
1067,9.776328374906486,35.29471099215732,40,13
1068,9.784374354558288,35.38667592124562,40,13
1069,9.79242033421009,35.630170197007395,40,13
1070,9.800466313861893,36.85476857254963,40,13
1071,9.808512293513695,37.581754046003816,40,13
1072,9.816558273165498,37.2285944002022,40,13
1073,9.8246042528173,36.28422806814069,40,13
1074,9.832650232469103,35.280314767583434,40,13
1075,9.840696212120905,34.051124456078995,40,13
1076,9.848742191772708,33.715559864443236,40,13
1077,9.85678817142451,34.41105429544418,40,13
1078,9.864834151076312,35.70312047200386,40,13
1079,9.872880130728115,35.72759036638458,40,13
1080,9.880926110379917,34.83477929186971,40,13
1081,9.88897209003172,34.49446209038343,40,13
1082,9.897018069683522,34.74376959760217,40,13
1083,9.905064049335323,35.576914756412314,40,13
1084,9.913110028987125,35.8562286331538,40,13
1085,9.921156008638928,35.39065002320926,40,13
1086,9.92920198829073,35.65159990747223,40,13
1087,9.937247967942533,36.49774901781701,40,13
1088,9.945293947594335,35.69624103993994,40,13
1089,9.953339927246137,34.30538583015076,40,13
1090,9.96138590689794,34.19155019391557,40,13
1091,9.969431886549742,33.773687195466195,40,13
1092,9.977477866201545,35.06249711020813,40,13
1093,9.985523845853347,36.971712699256834,40,13
1094,9.99356982550515,37.17855406978451,40,13
1095,10.001615805156952,36.444313044872,40,13
1096,10.009661784808754,36.25569553141486,40,13
1097,10.017707764460557,36.591282438436764,40,13
1098,10.02575374411236,36.848920314025754,40,13
1099,10.033799723764162,36.63334059963808,40,13
1100,10.041845703415962,36.27737953831611,40,13
1101,10.049891683067765,35.34183671322649,40,13
1102,10.057937662719567,34.127612175805424,40,13
1103,10.06598364237137,34.99508565268506,40,13
1104,10.074029622023172,36.17676495996208,40,13
1105,10.082075601674974,36.21400048904765,40,13
1106,10.090121581326777,36.08869146899359,40,13
1107,10.09816756097858,37.27633214914454,40,13
1108,10.106213540630382,38.08117910077013,40,13
1109,10.114259520282184,37.532939362838874,40,13
1110,10.122305499933987,37.39505018614052,40,13
1111,10.130351479585789,37.34445150102553,40,13
1112,10.138397459237591,36.21846876688803,40,13
1113,10.146443438889394,34.16341452505137,40,13
1114,10.154489418541196,33.82391813571929,40,13
1115,10.162535398192999,34.92877107166689,40,13
1116,10.170581377844801,35.54696256788673,40,13
1117,10.178627357496602,35.852842950334455,40,13
1118,10.186673337148404,35.84906764733167,40,13
1119,10.194719316800207,36.02691125922577,40,13
1120,10.202765296452009,36.2452562318075,40,13
1121,10.210811276103811,35.80351405636362,40,13
1122,10.218857255755614,37.42780079413365,40,13
1123,10.226903235407416,39.328444282293745,40,13
1124,10.234949215059219,39.11724848157658,40,13
1125,10.242995194711021,37.432895885612226,40,13
1126,10.251041174362824,35.622049216595954,40,13
1127,10.259087154014626,35.754107789857464,40,13
1128,10.267133133666428,35.74849050253189,40,13
1129,10.27517911331823,36.47296603676033,40,13
1130,10.283225092970033,38.543916567198956,40,13
1131,10.291271072621836,38.41342696155893,40,13
1132,10.299317052273638,36.67303719947191,40,13
1133,10.30736303192544,36.146396428523005,40,13
1134,10.315409011577241,36.79970397761211,40,13
1135,10.323454991229044,36.80496078741243,40,13
1136,10.331500970880846,35.52144585147449,40,13
1137,10.339546950532648,33.83045163675234,40,13
1138,10.347592930184451,33.00674024052176,40,13
1139,10.355638909836253,33.34389802613539,40,13
1140,10.363684889488056,33.845285583106126,40,13
1141,10.371730869139858,34.326136681295914,40,13
1142,10.37977684879166,35.09821384105775,40,13
1143,10.387822828443463,35.646380541350666,40,13
1144,10.395868808095265,35.79409903795935,40,13
1145,10.403914787747068,35.26829719335254,40,13
1146,10.41196076739887,33.70093430782032,40,13
1147,10.420006747050673,32.43880724724865,40,13
1148,10.428052726702475,32.738113626476434,40,13
1149,10.436098706354278,34.00532297446785,40,13
1150,10.444144686006078,35.669005478095904,40,13
1151,10.45219066565788,37.08281077439234,40,13
1152,10.460236645309683,38.02094378125456,40,13
1153,10.468282624961486,38.455319689258324,40,13
1154,10.476328604613288,38.056547417270636,40,13
1155,10.48437458426509,37.73516135285477,40,13
1156,10.492420563916893,37.45726468092532,40,13
1157,10.500466543568695,37.46295701458851,40,13
1158,10.508512523220498,36.52852417336528,40,13
1159,10.5165585028723,35.496480986378806,40,13
1160,10.524604482524103,34.395326734939985,40,13
1161,10.532650462175905,33.73602697766816,40,13
1162,10.540696441827707,33.842542585028646,40,13
1163,10.54874242147951,34.68204030626275,40,13
1164,10.556788401131312,34.222075585054284,40,13
1165,10.564834380783115,33.74206379494795,40,13
1166,10.572880360434917,34.69308622600579,40,13
1167,10.580926340086718,34.82373808113354,40,13
1168,10.58897231973852,34.39646419673691,40,13
1169,10.597018299390323,34.9663162978494,40,13
1170,10.605064279042125,35.80063119964349,40,13
1171,10.613110258693927,37.43057210601644,40,13
1172,10.62115623834573,38.01259501020141,40,13
1173,10.629202217997532,36.631772549332055,40,13
1174,10.637248197649335,35.38999503427844,40,13
1175,10.645294177301137,35.4884134767859,40,13
1176,10.65334015695294,35.950501355386464,40,13
1177,10.661386136604742,35.050777680169645,40,13
1178,10.669432116256544,33.893738894987095,40,13
1179,10.677478095908347,34.24902040699718,40,13
1180,10.68552407556015,33.888867748438486,40,13
1181,10.693570055211952,34.32655814220686,40,13
1182,10.701616034863754,36.15479820429804,40,13
1183,10.709662014515557,36.748728454539695,40,13
1184,10.717707994167357,35.62117415338761,40,13
1185,10.72575397381916,34.329475720792686,40,13
1186,10.733799953470962,33.721788529691366,40,13
1187,10.741845933122764,33.460381578166604,40,13
1188,10.749891912774567,33.67990112583283,40,13
1189,10.75793789242637,33.94355801584727,40,13
1190,10.765983872078172,34.20428259233519,40,13
1191,10.774029851729974,34.908422829563534,40,13
1192,10.782075831381777,35.176362813408716,40,13
1193,10.790121811033579,35.54748874420855,40,13
1194,10.798167790685381,36.70804730916532,40,13
1195,10.806213770337184,38.20032968355414,40,13
1196,10.814259749988986,40.12809274921035,40,13
1197,10.822305729640789,40.50713184768259,40,13
1198,10.830351709292591,39.601252225584574,40,13
1199,10.838397688944394,38.73844117383698,40,13
1200,10.846443668596196,37.88022986340002,40,13
1201,10.854489648247997,36.58422852415405,40,13
1202,10.862535627899799,35.92314527087757,40,13
1203,10.870581607551602,37.069427724348444,40,13
1204,10.878627587203404,37.81085542132799,40,13
1205,10.886673566855206,37.941348437019855,40,13
1206,10.894719546507009,38.18903482042926,40,13
1207,10.902765526158811,38.18590786176743,40,13
1208,10.910811505810614,37.78665528693023,40,13
1209,10.918857485462416,36.68667199554949,40,13
1210,10.926903465114219,35.415110438763655,40,13
1211,10.934949444766021,35.25831890103412,40,13
1212,10.942995424417823,35.78573171068271,40,13
1213,10.951041404069626,35.48503941826018,40,13
1214,10.959087383721428,34.63427905303313,40,13
1215,10.96713336337323,34.678451380617986,40,13
1216,10.975179343025033,34.46761660310177,40,13
1217,10.983225322676835,34.34376871922967,40,13
1218,10.991271302328636,34.78109249010095,40,13
1219,10.999317281980439,35.50829547784402,40,13
1220,11.007363261632241,35.72189436289099,40,13
1221,11.015409241284043,36.24863675853228,40,13
1222,11.023455220935846,37.03665945603136,40,13
1223,11.031501200587648,37.91488215288295,40,13
1224,11.03954718023945,37.72245292069512,40,13
1225,11.047593159891253,36.97136546564063,40,13
1226,11.055639139543056,36.70836411184878,40,13
1227,11.063685119194858,37.23213113117021,40,13
1228,11.07173109884666,37.49082164460836,40,13
1229,11.079777078498463,37.606167580224586,40,13
1230,11.087823058150265,37.582046108593055,40,13
1231,11.095869037802068,36.8367475961523,40,13
1232,11.10391501745387,35.88441735357585,40,13
1233,11.111960997105673,35.81041652241219,40,13
1234,11.120006976757473,36.455172049147436,40,13
1235,11.128052956409276,37.3093726815009,40,13
1236,11.136098936061078,37.73394751001916,40,13
1237,11.14414491571288,37.80152135873996,40,13
1238,11.152190895364683,37.32927833881048,40,13
1239,11.160236875016485,36.65398881974327,40,13
1240,11.168282854668288,36.448949511465685,40,13
1241,11.17632883432009,35.92515227520916,40,13
1242,11.184374813971893,35.316234595345726,40,13
1243,11.192420793623695,35.23961477572054,40,13
1244,11.200466773275497,36.47892172875614,40,13
1245,11.2085127529273,38.484086325462776,40,13
1246,11.216558732579102,39.443922963515845,40,13
1247,11.224604712230905,38.765152335764455,40,13
1248,11.232650691882707,37.222749648567714,40,13
1249,11.24069667153451,35.918453361449735,40,13
1250,11.248742651186312,35.64834088606236,40,13
1251,11.256788630838113,36.539052107992134,40,13
1252,11.264834610489915,37.56921393480741,40,13
1253,11.272880590141718,37.74901022072098,40,13
1254,11.28092656979352,36.83718858492317,40,13
1255,11.288972549445322,35.984539417047834,40,13
1256,11.297018529097125,37.17608559380906,40,13
1257,11.305064508748927,38.01148717443499,40,13
1258,11.31311048840073,37.220328205120836,40,13
1259,11.321156468052532,36.050087469057004,40,13
1260,11.329202447704334,35.190305172485765,40,13
1261,11.337248427356137,36.037404393633885,40,13
1262,11.34529440700794,37.055478021427746,40,13
1263,11.353340386659742,36.30352337002604,40,13
1264,11.361386366311544,34.81297615646024,40,13
1265,11.369432345963347,34.78779247989624,40,13
1266,11.377478325615149,35.537209822988004,40,13
1267,11.385524305266951,35.97599485206679,40,13
1268,11.393570284918752,36.62180290449572,40,13
1269,11.401616264570555,36.91883856573784,40,13
1270,11.409662244222357,37.2730716494339,40,13
1271,11.41770822387416,38.12154439954333,40,13
1272,11.425754203525962,38.93518932022205,40,13
1273,11.433800183177764,38.5786534549912,40,13
1274,11.441846162829567,37.8315080139079,40,13
1275,11.449892142481369,37.90820342994494,40,13
1276,11.457938122133172,38.482610016839736,40,13
1277,11.465984101784974,38.258040493319015,40,13
1278,11.474030081436776,38.01398543966255,40,13
1279,11.482076061088579,38.09220258240121,40,13
1280,11.490122040740381,37.97156837908198,40,13
1281,11.498168020392184,37.264619440151485,40,13
1282,11.506214000043986,35.9683062874367,40,13
1283,11.514259979695789,34.76529386178702,40,13
1284,11.522305959347591,34.75550719019582,40,13
1285,11.530351938999392,35.29222386928984,40,13
1286,11.538397918651194,34.513053453939996,40,13
1287,11.546443898302996,34.30968726217067,40,13
1288,11.554489877954799,35.02914366962414,40,13
1289,11.562535857606601,36.112682092780005,40,13
1290,11.570581837258404,36.67517754791527,40,13
1291,11.578627816910206,36.27608218810483,40,13
1292,11.586673796562009,35.55214894683332,40,13
1293,11.594719776213811,35.43867173880778,40,13
1294,11.602765755865613,35.48751035874311,40,13
1295,11.610811735517416,36.5315116985856,40,13
1296,11.618857715169218,37.562505102060555,40,13
1297,11.62690369482102,37.18377056727718,40,13
1298,11.634949674472823,36.67303860220231,40,13
1299,11.642995654124626,37.32477972191888,40,13
1300,11.651041633776428,37.92459053458708,40,13
1301,11.659087613428229,37.45274045345795,40,13
1302,11.667133593080031,38.12648358320495,40,13
1303,11.675179572731833,40.38921117788799,40,13
1304,11.683225552383636,41.146721162520656,40,13
1305,11.691271532035438,39.79282999531212,40,13
1306,11.69931751168724,38.98073749267767,40,13
1307,11.707363491339043,40.82758190429685,40,13
1308,11.715409470990846,41.65718741344551,40,13
1309,11.723455450642648,39.155987855223046,40,13
1310,11.73150143029445,36.442724767235276,40,13
1311,11.739547409946253,36.85930909767417,40,13
1312,11.747593389598055,37.115800440442364,40,13
1313,11.755639369249858,36.586773903373654,40,13
1314,11.76368534890166,35.843781713239466,40,13
1315,11.771731328553463,36.72603646523638,40,13
1316,11.779777308205265,38.31594840255638,40,13
1317,11.787823287857067,40.770380183173245,40,13
1318,11.795869267508868,42.25289523914143,40,13
1319,11.80391524716067,40.816628830150606,40,13
1320,11.811961226812473,38.43693474004296,40,13
1321,11.820007206464275,38.752321457616326,40,13
1322,11.828053186116078,39.35005327495162,40,13
1323,11.83609916576788,39.32236565357428,40,13
1324,11.844145145419683,38.48077149123738,40,13
1325,11.852191125071485,37.12284156421014,40,13
1326,11.860237104723288,37.39413258523157,40,13
1327,11.86828308437509,38.880758490484496,40,13
1328,11.876329064026892,38.748121849251184,40,13
1329,11.884375043678695,37.76908013873088,40,13
1330,11.892421023330497,38.000401159009954,40,13
1331,11.9004670029823,37.343375110198295,40,13
1332,11.908512982634102,34.917034999313195,40,13
1333,11.916558962285904,34.447524799892435,40,13
1334,11.924604941937707,36.90655718244746,40,13
1335,11.932650921589508,40.669777200245875,40,13
1336,11.94069690124131,41.73200245762211,40,13
1337,11.948742880893112,39.157559574729845,40,13
1338,11.956788860544915,34.67463044786243,40,13
1339,11.964834840196717,33.73829960004255,40,13
1340,11.97288081984852,35.42667133063177,40,13
1341,11.980926799500322,36.540538073243226,40,13
1342,11.988972779152125,37.53868317154951,40,13
1343,11.997018758803927,37.51745342339569,40,13
1344,12.00506473845573,36.04779824763264,40,13
1345,12.013110718107532,35.70297656634597,40,13
1346,12.021156697759334,38.578343111261766,40,13
1347,12.029202677411137,42.58014190574678,40,13
1348,12.03724865706294,44.51103588199696,40,13
1349,12.045294636714742,44.78231026010616,40,13
1350,12.053340616366544,44.059982033922125,40,13
1351,12.061386596018346,42.35648267990226,40,13
1352,12.069432575670147,40.549431700860254,40,13
1353,12.07747855532195,39.40446371978941,40,13
1354,12.085524534973752,36.92504144217311,40,13
1355,12.093570514625554,34.861811858012544,40,13
1356,12.101616494277357,35.1693705739276,40,13
1357,12.10966247392916,36.51986446904469,40,13
1358,12.117708453580962,38.330036693077034,40,13
1359,12.125754433232764,38.98757619331456,40,13
1360,12.133800412884566,37.612919491696644,40,13
1361,12.141846392536369,35.28158312412748,40,13
1362,12.149892372188171,33.91205579501338,40,13
1363,12.157938351839974,33.88652452784751,40,13
1364,12.165984331491776,34.20968421075364,40,13
1365,12.174030311143579,33.700328944052416,40,13
1366,12.182076290795381,33.39763907049232,40,13
1367,12.190122270447183,35.22101786115934,40,13
1368,12.198168250098986,37.21354764570836,40,13
1369,12.206214229750787,37.230739020416735,40,13
1370,12.214260209402589,37.165563352305654,40,13
1371,12.222306189054391,38.39424560924356,40,13
1372,12.230352168706194,38.903488677383926,40,13
1373,12.238398148357996,38.75593776893095,40,13
1374,12.246444128009799,38.342350798232914,40,13
1375,12.254490107661601,37.494195662554205,40,13
1376,12.262536087313403,37.27571789485775,40,13
1377,12.270582066965206,36.79717883391905,40,13
1378,12.278628046617008,36.12081449084695,40,13
1379,12.28667402626881,35.1497623866,40,13
1380,12.294720005920613,35.014589264847466,40,13
1381,12.302765985572416,34.45185620656955,40,13
1382,12.310811965224218,34.174881990265,40,13
1383,12.31885794487602,34.7027459159927,40,13
1384,12.326903924527823,35.46725358760022,40,13
1385,12.334949904179624,36.51476771417285,40,13
1386,12.342995883831426,36.83420580176251,40,13
1387,12.351041863483228,36.83398718111332,40,13
1388,12.35908784313503,36.25001243232907,40,13
1389,12.367133822786833,35.38514186800158,40,13
1390,12.375179802438636,35.25693577998385,40,13
1391,12.383225782090438,35.44771278133963,40,13
1392,12.39127176174224,36.97862507946033,40,13
1393,12.399317741394043,38.43374792693686,40,13
