Frames,Timestamp,F1_score,F2_score,F_diff,pid,qid
0,1.1912680864334106,691.4557379532556,1487.8959376699245,796.4401997166689,40,13
1,1.2013201489042273,700.8301311592161,1438.6667230988824,737.8365919396663,40,13
2,1.211372211375044,749.2124284566501,1387.9916686106567,638.7792401540066,40,13
3,1.2214242738458607,602.7026953346108,1354.6073381962744,751.9046428616637,40,13
4,1.2314763363166774,1102.0709841308926,1952.0655367786844,849.9945526477918,40,13
5,1.241528398787494,1078.1573236131735,1875.6401294492875,797.482805836114,40,13
6,1.2515804612583108,1425.6445011169926,1919.7545908925463,494.11008977555366,40,13
7,1.2616325237291277,1376.3084570110136,3015.2982877670834,1638.9898307560698,40,13
8,1.2716845861999444,1343.8124480930226,2863.6721278253976,1519.859679732375,40,13
9,1.281736648670761,1313.4520573804268,2753.47840117343,1440.0263437930032,40,13
10,1.2917887111415778,694.0481797804733,1290.117822013668,596.0696422331947,40,13
11,1.3018407736123945,767.9264266680373,1289.3748730229836,521.4484463549463,40,13
12,1.3118928360832112,752.3883642227647,1246.5137066397383,494.1253424169736,40,13
13,1.3219448985540279,841.1290711628635,1264.2876692354932,423.15859807262973,40,13
14,1.3319969610248446,845.0873452604956,1255.9809056938614,410.8935604333658,40,13
15,1.3420490234956612,827.8357909925786,1227.764387738384,399.9285967458053,40,13
16,1.352101085966478,790.3090901570189,1223.3845038744273,433.0754137174084,40,13
17,1.3621531484372946,790.5758081240054,1214.1186014690504,423.54279334504497,40,13
18,1.3722052109081115,722.5664886411591,1200.2827722773327,477.71628363617356,40,13
19,1.3822572733789282,644.4194079671217,1178.2979012711146,533.8784933039929,40,13
20,1.392309335849745,618.9732313430861,1179.7807661023662,560.8075347592801,40,13
21,1.4023613983205616,649.396040888061,1171.630724130706,522.2346832426451,40,13
22,1.4124134607913783,688.2812288498261,1188.504295624628,500.22306677480185,40,13
23,1.422465523262195,646.7779084692826,1187.9136860077704,541.1357775384878,40,13
24,1.4325175857330117,631.2681773131239,1215.4741846141603,584.2060073010364,40,13
25,1.4425696482038284,632.7831477838317,1201.723888125076,568.9407403412442,40,13
26,1.452621710674645,684.1067151876274,1235.5434471248284,551.436731937201,40,13
27,1.4626737731454618,693.8041447682408,1247.5532139394418,553.749069171201,40,13
28,1.4727258356162785,698.6953139046799,1234.8603631039434,536.1650491992635,40,13
29,1.4827778980870954,707.6308602220555,1235.3790385952059,527.7481783731504,40,13
30,1.4928299605579118,616.2388718349791,1219.3361325855428,603.0972607505637,40,13
31,1.5028820230287288,599.1602456177676,1201.2061476206477,602.0459020028801,40,13
32,1.5129340854995454,514.06734422952,1174.218097903329,660.1507536738089,40,13
33,1.5229861479703621,489.72040844594744,1166.6863711390313,676.9659626930838,40,13
34,1.5330382104411788,511.29734834345834,1143.8065360193832,632.5091876759249,40,13
35,1.5430902729119955,501.0500097277303,1126.5435609966064,625.4935512688761,40,13
36,1.5531423353828122,500.33653057535355,1102.7374227337007,602.4008921583471,40,13
37,1.563194397853629,531.8908569321065,1086.2338660364994,554.3430091043929,40,13
38,1.5732464603244456,498.1811662046826,1056.642378734414,558.4612125297315,40,13
39,1.5832985227952623,493.2170218726423,1040.5437897628597,547.3267678902173,40,13
40,1.5933505852660792,471.1128883917762,1027.5137060507848,556.4008176590086,40,13
41,1.6034026477368957,469.24612141242204,1012.6215097398409,543.3753883274189,40,13
42,1.6134547102077126,468.13244627833296,988.2472267786846,520.1147805003517,40,13
43,1.6235067726785293,434.0564969020509,967.5361982948256,533.4797013927746,40,13
44,1.633558835149346,396.3537767888651,988.6505107894204,592.2967340005553,40,13
45,1.6436108976201627,352.25698976196753,989.2613536999896,637.0043639380222,40,13
46,1.6536629600909794,294.7680279920424,974.4009977122316,679.6329697201893,40,13
47,1.663715022561796,227.67458168572202,1003.866541549184,776.191959863462,40,13
48,1.6737670850326127,185.98611543584673,1041.3838844978875,855.3977690620408,40,13
49,1.6838191475034294,182.6605985796284,1120.1871019770308,937.5265033974024,40,13
50,1.6938712099742461,151.79470159894956,1022.4973136636424,870.7026120646929,40,13
51,1.703923272445063,329.4886107806925,1522.131775506916,1192.6431647262234,40,13
52,1.7139753349158795,1013.9930358373185,3163.6806033002404,2149.687567462922,40,13
53,1.7240273973866964,1027.3600535156418,2995.354876485562,1967.99482296992,40,13
54,1.7340794598575129,950.1469243673374,2622.265993906805,1672.1190695394675,40,13
55,1.7441315223283298,1044.8121573506955,3033.5588817136086,1988.746724362913,40,13
56,1.7541835847991465,1049.9095512838987,2895.6288457148944,1845.7192944309957,40,13
57,1.7642356472699632,1018.4870111010395,2634.1157232254236,1615.628712124384,40,13
58,1.7742877097407799,1065.5057895781065,2792.452443225139,1726.9466536470327,40,13
59,1.7843397722115966,1055.3659909501364,2784.856535757,1729.4905448068637,40,13
60,1.7943918346824133,1080.3690487963513,3251.0049723011616,2170.6359235048103,40,13
61,1.80444389715323,1096.3035189413908,2703.984133779027,1607.6806148376363,40,13
62,1.8144959596240469,1103.713456510441,2764.607139175963,1660.893682665522,40,13
63,1.8245480220948633,1126.101092318494,2567.6613703260014,1441.5602780075073,40,13
64,1.8346000845656802,1138.0398510708524,2497.2194894587115,1359.179638387859,40,13
65,1.8446521470364967,1101.16353805364,2539.5416100171683,1438.3780719635283,40,13
66,1.8547042095073136,1126.8630904124652,2346.6045300339706,1219.7414396215054,40,13
67,1.8647562719781303,1164.3776054870118,2315.874834415879,1151.4972289288671,40,13
68,1.874808334448947,1085.9098295736312,2084.4428182751776,998.5329887015464,40,13
69,1.8848603969197637,928.8313362220994,2154.969184454676,1226.1378482325767,40,13
70,1.8949124593905804,395.4904307153239,1670.5967466075697,1275.1063158922457,40,13
71,1.904964521861397,1465.1283381510682,2571.426964154149,1106.298626003081,40,13
72,1.9150165843322138,1101.9161937994518,2449.2786988656653,1347.3625050662135,40,13
73,1.9250686468030307,1413.668070286065,2911.145863122747,1497.477792836682,40,13
74,1.9351207092738472,1549.4588818302302,2897.921963221496,1348.4630813912656,40,13
75,1.945172771744664,1296.3360258158382,2005.0862330875527,708.7502072717145,40,13
76,1.9552248342154805,1071.9987338658673,2115.2135345725833,1043.214800706716,40,13
77,1.9652768966862975,1655.664850251198,2854.2358878073132,1198.5710375561152,40,13
78,1.975328959157114,1041.5859011583216,1791.8625460414823,750.2766448831608,40,13
79,1.9853810216279308,268.247880813733,1473.1819428917754,1204.9340620780424,40,13
80,1.9954330840987475,1508.2986151855448,2223.190826219097,714.892211033552,40,13
81,2.0054851465695642,562.7455941774749,1549.2613905909632,986.5157964134883,40,13
82,2.0155372090403807,1380.9830632193346,2764.5474388198136,1383.564375600479,40,13
83,2.0255892715111976,399.76388014320173,1497.8466730354442,1098.0827928922424,40,13
84,2.0356413339820145,264.0549693373524,1631.402256645953,1367.3472873086007,40,13
85,2.045693396452831,1514.2713075993745,2853.2064310292803,1338.9351234299058,40,13
86,2.055745458923648,302.0364984918491,1471.0779638698896,1169.0414653780404,40,13
87,2.0657975213944644,1316.8376156442857,2817.343657130988,1500.5060414867023,40,13
88,2.0758495838652813,995.0199609405925,2233.546458706067,1238.5264977654745,40,13
89,2.0859016463360978,497.00851888567445,1492.1427258299466,995.1342069442721,40,13
90,2.0959537088069147,332.29515070561564,1304.624562395835,972.3294116902193,40,13
91,2.106005771277731,315.2097622439581,1530.3188215732118,1215.1090593292538,40,13
92,2.116057833748548,295.19925218048814,1545.0317521266227,1249.8324999461345,40,13
93,2.126109896219365,1378.8436583364141,2533.779311778416,1154.9356534420017,40,13
94,2.1361619586901814,358.30260446193506,1618.206981063965,1259.90437660203,40,13
95,2.146214021160998,789.6997812032376,2044.7893925610392,1255.0896113578015,40,13
96,2.156266083631815,229.8946320803642,1664.4082735191994,1434.5136414388353,40,13
97,2.1663181461026317,155.04494425785242,1596.3690223803846,1441.3240781225322,40,13
98,2.176370208573448,367.78259374245806,1492.94771365727,1125.1651199148118,40,13
99,2.186422271044265,366.0036113058039,1758.5856793676903,1392.5820680618865,40,13
100,2.1964743335150816,400.66931309764584,1836.9940394157568,1436.324726318111,40,13
101,2.2065263959858985,240.90863233765586,1906.7187180927244,1665.8100857550685,40,13
102,2.2165784584567154,892.1360736330456,2150.2152918447255,1258.0792182116797,40,13
103,2.226630520927532,1001.8595423998722,1992.0543141639394,990.1947717640671,40,13
104,2.2366825833983484,1014.2480576631853,1631.321872374596,617.0738147114108,40,13
105,2.2467346458691653,1608.7638388283092,2876.8860141808127,1268.1221753525035,40,13
106,2.256786708339982,1575.3078955327817,2699.448145326011,1124.1402497932293,40,13
107,2.2668387708107987,1364.0366944153084,2138.701081840718,774.6643874254096,40,13
108,2.276890833281615,1329.6071148983247,1943.0483513161428,613.4412364178181,40,13
109,2.286942895752432,1264.4223247800355,1616.4586509252115,352.03632614517596,40,13
110,2.296994958223249,970.310992683113,2399.0550967952468,1428.7441041121338,40,13
111,2.307047020694066,1341.2947527907647,2629.8964711190033,1288.6017183282386,40,13
112,2.3170990831648823,1361.0673605057218,2019.9492946741973,658.8819341684755,40,13
113,2.327151145635699,1274.1593254959641,2205.2347788335187,931.0754533375546,40,13
114,2.3372032081065157,1495.4741634157037,2776.512014383573,1281.0378509678692,40,13
115,2.3472552705773326,1200.6704516634738,1945.811819441924,745.1413677784501,40,13
116,2.357307333048149,1152.7817811626664,2680.005747379076,1527.2239662164097,40,13
117,2.3673593955189656,331.700912229339,1607.5200127308412,1275.8191005015024,40,13
118,2.3774114579897825,308.4170778110508,1575.9080159991572,1267.4909381881064,40,13
119,2.3874635204605994,739.5495310517761,1624.0778056515783,884.5282745998022,40,13
120,2.397515582931416,1511.5416501283094,2426.8056853468256,915.2640352185163,40,13
121,2.4075676454022323,350.65155016197235,1700.2620718870019,1349.6105217250295,40,13
122,2.4176197078730493,1570.717881983165,2628.988842383704,1058.2709604005393,40,13
123,2.427671770343866,395.26899821879977,1616.6322998570477,1221.3633016382478,40,13
124,2.437723832814683,441.76488044114757,1730.6908928862042,1288.9260124450566,40,13
125,2.4477758952854995,1263.1161263058596,2385.0899175937648,1121.9737912879052,40,13
126,2.457827957756316,400.2813672840427,1916.8561895369319,1516.5748222528891,40,13
127,2.467880020227133,1567.866810498527,2771.483910903035,1203.617100404508,40,13
128,2.47793208269795,1253.9565016030397,2375.1425449669787,1121.186043363939,40,13
129,2.4879841451687663,1619.986700584573,2996.6506642529616,1376.6639636683885,40,13
130,2.498036207639583,1344.34420757715,2025.4183468148171,681.0741392376672,40,13
131,2.5080882701103997,1262.5423252800383,2157.7235197567616,895.1811944767232,40,13
132,2.5181403325812166,1705.877521360649,2703.5065395696997,997.6290182090506,40,13
133,2.528192395052033,1731.8946883429287,3051.7795684361445,1319.8848800932158,40,13
134,2.53824445752285,1199.5300207823193,1964.0725141333494,764.5424933510301,40,13
135,2.5482965199936665,1370.7465850524832,2024.4870876191314,653.7405025666483,40,13
136,2.5583485824644834,1271.0768896994134,2315.8819113003055,1044.8050216008921,40,13
137,2.5684006449353003,1689.5038074822162,2746.181269322016,1056.6774618397997,40,13
138,2.5784527074061168,1672.4668481063143,2500.3739698735462,827.907121767232,40,13
139,2.5885047698769332,1429.5471855108683,2378.5059689578293,948.958783446961,40,13
140,2.59855683234775,1399.2036598168304,1680.0269090270235,280.8232492101931,40,13
141,2.608608894818567,1662.0348927029017,1926.0638605686206,264.02896786571887,40,13
142,2.6186609572893835,1629.4680527016324,2513.7598915560443,884.2918388544119,40,13
143,2.6287130197602,899.7684418617396,1733.3021155346107,833.5336736728711,40,13
144,2.638765082231017,1041.3377236541558,1784.9256610969805,743.5879374428248,40,13
145,2.648817144701834,1391.5724706293927,1735.1875062323231,343.61503560293045,40,13
146,2.6588692071726507,1621.4602078331177,1760.058074399088,138.5978665659702,40,13
147,2.668921269643467,1674.8431374403901,1761.4144890897326,86.57135164934243,40,13
148,2.6789733321142837,1238.0539244071135,2043.3256210584136,805.2716966513001,40,13
149,2.6890253945851006,839.9903115217583,1701.4976196204457,861.5073080986874,40,13
150,2.6990774570559175,1244.6937910916113,1680.8253328096498,436.13154171803853,40,13
151,2.709129519526734,1713.7627742556485,2092.9328895131157,379.17011525746716,40,13
152,2.7191815819975504,1695.0604641239015,1859.4907298819778,164.4302657580763,40,13
153,2.7292336444683674,1692.298157133807,2006.4411557505546,314.1429986167475,40,13
154,2.7392857069391843,1512.1612954122622,1691.8426304697225,179.68133505746027,40,13
155,2.7493377694100007,1289.5581370972634,2402.3189965681686,1112.7608594709052,40,13
156,2.759389831880817,1737.307399600892,2601.425725756992,864.1183261561,40,13
157,2.769441894351634,1748.8029828061776,1869.6089261333889,120.80594332721125,40,13
158,2.779493956822451,1155.6732536109498,1772.2739188905075,616.6006652795577,40,13
159,2.789546019293268,669.2205683891921,1733.5839610953487,1064.3633927061567,40,13
160,2.7995980817640844,673.7522233020015,1750.987804043336,1077.2355807413344,40,13
161,2.809650144234901,1718.5271396980827,2056.389686888159,337.86254719007616,40,13
162,2.819702206705718,1639.0005546576954,1789.0702952055913,150.0697405478959,40,13
163,2.8297542691765347,509.9885585584536,1776.1743329096657,1266.185774351212,40,13
164,2.839806331647351,765.7755726321365,1703.095744332797,937.3201717006606,40,13
165,2.8498583941181677,717.2222999040154,1718.6473275868595,1001.4250276828442,40,13
166,2.8599104565889846,762.8446436050056,1785.2828186700433,1022.4381750650377,40,13
167,2.8699625190598015,750.6232271928001,1743.9185349821792,993.2953077893791,40,13
168,2.880014581530618,1106.4040089823736,2129.6769643320836,1023.27295534971,40,13
169,2.890066644001435,1659.2360906319466,1840.1382562467534,180.9021656148068,40,13
170,2.9001187064722513,1179.0253827261697,1776.2572902551017,597.231907528932,40,13
171,2.9101707689430683,932.142855236622,1820.9094526203141,888.7665973836921,40,13
172,2.920222831413885,1631.24280348541,1831.4205891020197,200.17778561660975,40,13
173,2.9302748938847016,1441.6476917844711,1716.4778808718138,274.83018908734266,40,13
174,2.940326956355518,1513.8196700081462,1719.2019338880018,205.3822638798556,40,13
175,2.950379018826335,985.5059623091191,1741.395984654333,755.8900223452139,40,13
176,2.960431081297152,608.567157048535,1696.3192842884378,1087.7521272399026,40,13
177,2.9704831437679684,1516.8254734283846,1729.2707095551077,212.4452361267231,40,13
178,2.980535206238785,1242.2577052225067,1787.2105416337909,544.9528364112841,40,13
179,2.990587268709602,1761.844379140024,3075.57600781995,1313.731628679926,40,13
180,3.0006393311804187,933.1438085994255,2189.0622257803066,1255.918417180881,40,13
181,3.0106913936512356,691.987423112854,1772.0709368696141,1080.08351375676,40,13
182,3.020743456122052,863.7059454820018,1741.2141358739132,877.5081903919114,40,13
183,3.0307955185928686,1173.7576335710623,1957.9154277381394,784.1577941670771,40,13
184,3.0408475810636855,1541.0526241980322,1731.8500390761574,190.7974148781252,40,13
185,3.0508996435345024,1031.319332287865,1857.3951030809058,826.0757707930406,40,13
186,3.060951706005319,793.0536027035039,1722.3303262710742,929.2767235675703,40,13
187,3.0710037684761353,574.382829603538,1762.181585541073,1187.7987559375351,40,13
188,3.0810558309469522,981.1114287227142,1723.7602469275273,742.6488182048131,40,13
189,3.091107893417769,592.6506032644991,1685.3533930433844,1092.7027897788853,40,13
190,3.1011599558885856,617.5694695254759,1653.7717202974309,1036.2022507719548,40,13
191,3.111212018359402,671.8924370740367,1686.8361634057896,1014.9437263317529,40,13
192,3.121264080830219,1549.349407461969,2544.274481375261,994.9250739132922,40,13
193,3.131316143301036,491.19657547314824,1736.4096977817642,1245.213122308616,40,13
194,3.141368205771853,381.9683443779298,1728.0679801035055,1346.0996357255758,40,13
195,3.1514202682426693,228.2889787415335,1721.340171554368,1493.0511928128344,40,13
196,3.1614723307134858,1681.928086000438,2723.9889964575314,1042.0609104570933,40,13
197,3.1715243931843027,508.3755378964769,1832.509968004223,1324.134430107746,40,13
198,3.1815764556551196,320.6105894959422,1723.3179303658812,1402.7073408699391,40,13
199,3.191628518125936,318.48197453452275,1682.062839230149,1363.5808646956261,40,13
200,3.201680580596753,299.84932726048993,1672.8524943348762,1373.0031670743863,40,13
201,3.2117326430675694,1223.5280231866798,2721.4565804869217,1497.928557300242,40,13
202,3.2217847055383864,272.8446605463958,1592.7487142862187,1319.904053739823,40,13
203,3.231836768009203,684.3393438254247,1965.2020628427829,1280.8627190173581,40,13
204,3.2418888304800197,1355.1318982173746,2414.6247480946986,1059.492849877324,40,13
205,3.251940892950836,803.0185424394106,2062.717297946013,1259.6987555066023,40,13
206,3.261992955421653,707.9200159325769,2151.619533486173,1443.6995175535963,40,13
207,3.2720450178924696,1313.5114023995395,2511.7429204958444,1198.2315180963049,40,13
208,3.2820970803632865,1182.9422234165106,2415.4872508408366,1232.545027424326,40,13
209,3.292149142834103,1175.6499643874786,2276.9040388762264,1101.2540744887478,40,13
210,3.30220120530492,1063.4403683850696,1983.3175797155088,919.8772113304392,40,13
211,3.312253267775737,689.988083247408,1963.758741927949,1273.770658680541,40,13
212,3.3223053302465533,1663.8655931566257,2668.123070667516,1004.2574775108903,40,13
213,3.33235739271737,861.9716091988698,2297.4564275016564,1435.4848183027866,40,13
214,3.3424094551881867,1692.95652002134,2533.471794411031,840.5152743896911,40,13
215,3.3524615176590036,964.7832535576606,2044.0045827560639,1079.2213291984033,40,13
216,3.36251358012982,270.8403431559894,2052.626429246802,1781.786086090813,40,13
217,3.372565642600637,544.6375041950341,1913.7851663491401,1369.147662154106,40,13
218,3.3826177050714534,1073.918587512125,2017.099777704727,943.1811901926021,40,13
219,3.3926697675422703,1019.2588073239436,2036.925442064944,1017.6666347410004,40,13
220,3.402721830013087,514.0733851831076,1887.117152003846,1373.0437668207385,40,13
221,3.4127738924839037,1826.424961841215,3141.158739183372,1314.7337773421568,40,13
222,3.4228259549547206,1214.9618706203494,2229.120360408245,1014.1584897878954,40,13
223,3.432878017425537,1180.4150289924962,2416.1443442543687,1235.7293152618724,40,13
224,3.442930079896354,216.57293237119967,1826.4704249281024,1609.8974925569028,40,13
225,3.4529821423671705,990.1964871241885,2072.8523032582993,1082.6558161341109,40,13
226,3.4630342048379874,1265.3073605137158,2140.4164271057252,875.1090665920094,40,13
227,3.473086267308804,756.9070527107496,2110.473159946236,1353.5661072354865,40,13
228,3.483138329779621,968.4121600783166,2316.2419075874113,1347.829747509095,40,13
229,3.4931903922504373,1226.1492923135272,1659.3461994446895,433.19690713116233,40,13
230,3.503242454721254,361.05446897028276,1829.1694487020495,1468.1149797317667,40,13
231,3.5132945171920706,262.39304074288384,1305.8073659908416,1043.4143252479578,40,13
232,3.5233465796628876,319.64278211200235,1658.884036498192,1339.2412543861897,40,13
233,3.5333986421337045,345.8666038472011,2009.2669692795023,1663.4003654323012,40,13
234,3.543450704604521,906.9704166812064,1902.6342423077717,995.6638256265653,40,13
235,3.553502767075338,517.927168913389,1777.255643207515,1259.328474294126,40,13
236,3.5635548295461543,1036.3663339183352,1770.1901699185062,733.823836000171,40,13
237,3.5736068920169712,517.5768654850631,1740.5146389078338,1222.9377734227708,40,13
238,3.5836589544877877,847.0651867135014,1733.7694959719379,886.7043092584365,40,13
239,3.5937110169586046,965.9363014865143,1749.9994007140724,784.0630992275582,40,13
240,3.603763079429421,1041.3703353932542,1770.2684932598772,728.898157866623,40,13
241,3.613815141900238,783.3788052519244,1756.934826648043,973.5560213961187,40,13
242,3.6238672043710545,1031.4078635006133,1695.6842490050642,664.2763855044509,40,13
243,3.6339192668418714,664.7211816392777,1720.9485855296114,1056.2274038903338,40,13
244,3.643971329312688,599.2681525049267,1699.7801596836086,1100.5120071786819,40,13
245,3.6540233917835048,580.3453985418408,1725.77615835783,1145.430759815989,40,13
246,3.6640754542543217,837.5959153869434,1712.5304925631854,874.934577176242,40,13
247,3.674127516725138,805.2277710525705,1749.317718127588,944.0899470750176,40,13
248,3.684179579195955,450.5937057840761,1692.0007589263923,1241.4070531423163,40,13
249,3.6942316416667715,892.7562140686246,1695.6193228955085,802.863108826884,40,13
250,3.7042837041375885,468.05385500304146,1645.5402242062603,1177.4863692032188,40,13
251,3.714335766608405,632.1438692298711,1642.859231045063,1010.715361815192,40,13
252,3.724387829079222,708.9315371954523,1650.296687487781,941.3651502923286,40,13
253,3.7344398915500383,1413.0564542564764,2424.057117597083,1011.0006633406067,40,13
254,3.744491954020855,1549.2329612628473,3108.0724522217547,1558.8394909589074,40,13
255,3.7545440164916717,248.68199967970037,1573.8073940270683,1325.125394347368,40,13
256,3.7645960789624886,746.2316052678059,1584.940805257728,838.7091999899221,40,13
257,3.7746481414333055,1444.380795822975,2837.094451039758,1392.713655216783,40,13
258,3.784700203904122,507.8914000587049,1554.9333899314258,1047.041989872721,40,13
259,3.794752266374939,589.0727520999579,1603.8761839269332,1014.8034318269753,40,13
260,3.8048043288457554,1007.550120989461,1639.4483964555325,631.8982754660715,40,13
261,3.8148563913165723,559.3838963089393,1939.9616186810008,1380.5777223720615,40,13
262,3.8249084537873888,398.95697277559754,1776.7954406388242,1377.8384678632267,40,13
263,3.8349605162582057,232.84838547284943,1593.6710296471847,1360.8226441743352,40,13
264,3.845012578729022,255.07338451857868,1573.99642740044,1318.9230428818614,40,13
265,3.855064641199839,226.66766451452614,1581.1600962663297,1354.4924317518035,40,13
266,3.8651167036706555,208.91799286824644,1617.6485459067585,1408.730553038512,40,13
267,3.8751687661414724,203.46358320334707,1691.5681794365996,1488.1045962332526,40,13
268,3.8852208286122893,888.8409072865375,2264.4554695620996,1375.614562275562,40,13
269,3.895272891083106,70.88236538946057,1699.4340470489335,1628.551681659473,40,13
270,3.9053249535539227,432.6053809378518,1700.1767265072801,1267.5713455694283,40,13
271,3.915377016024739,558.4368315658377,1761.3750080186812,1202.9381764528434,40,13
272,3.925429078495556,651.5323127539137,1803.9531351067112,1152.4208223527976,40,13
273,3.9354811409663726,758.7813102576158,1806.544649062219,1047.763338804603,40,13
274,3.9455332034371895,821.386339311309,1785.1845266887958,963.7981873774868,40,13
275,3.955585265908006,850.5003978785186,1768.319990306658,917.8195924281393,40,13
276,3.965637328378823,877.2711356943189,1768.4989941418444,891.2278584475255,40,13
277,3.9756893908496393,879.0157981410775,1752.1544216630234,873.1386235219459,40,13
278,3.9857414533204563,872.5423661428619,1779.8654393603445,907.3230732174826,40,13
279,3.9957935157912727,892.7070091227286,1792.2018631003941,899.4948539776656,40,13
280,4.00584557826209,908.8511312045327,1778.7803989517406,869.9292677472079,40,13
281,4.015897640732907,917.8379261235275,1771.0867866824472,853.2488605589197,40,13
282,4.0259497032037235,939.0312040554808,1762.3432709594092,823.3120669039284,40,13
283,4.0360017656745395,894.0985121580476,1742.7537700267685,848.6552578687209,40,13
284,4.046053828145356,793.6512149796041,1675.1504812953997,881.4992663157956,40,13
285,4.056105890616173,710.1223343477902,1579.560093284464,869.4377589366738,40,13
286,4.066157953086989,644.193299116115,1507.2910595081983,863.0977603920833,40,13
287,4.076210015557807,578.0373076194389,1595.1825631551633,1017.1452555357243,40,13
288,4.086262078028623,491.71793754728145,1602.3298651284967,1110.6119275812152,40,13
289,4.09631414049944,327.913328703927,1547.9654554930366,1220.0521267891097,40,13
290,4.106366202970257,1102.4193626066535,1878.3743690696504,775.9550064629968,40,13
291,4.116418265441073,1147.8030704034488,2118.128609031073,970.3255386276244,40,13
292,4.126470327911891,135.32101123510043,1389.6702079525794,1254.349196717479,40,13
293,4.136522390382707,138.56995386075613,1428.2903149666013,1289.720361105845,40,13
294,4.146574452853524,198.3911490019796,1410.6597764601313,1212.2686274581517,40,13
295,4.156626515324341,262.9847572811697,1568.4671782000646,1305.4824209188948,40,13
296,4.166678577795157,466.291975106206,1720.0673618176706,1253.7753867114648,40,13
297,4.176730640265974,527.9224290673749,1776.5037983489826,1248.5813692816077,40,13
298,4.1867827027367905,547.5712438394705,1878.2324355150067,1330.6611916755362,40,13
299,4.196834765207607,556.4895351180166,1993.0914376509684,1436.6019025329517,40,13
300,4.206886827678424,571.7444772330779,2103.1191442223862,1531.3746669893085,40,13
301,4.21693889014924,560.2420246856835,2184.2239401846737,1623.98191549899,40,13
302,4.226990952620057,558.7748084892804,2294.733570345955,1735.9587618566743,40,13
303,4.237043015090874,553.0186836878081,2412.7032395863694,1859.6845558985613,40,13
304,4.24709507756169,522.3327464209049,2389.017067314568,1866.6843208936632,40,13
305,4.257147140032508,534.943696310919,2468.6804492789374,1933.7367529680184,40,13
306,4.267199202503324,510.1603732016712,2521.468471839196,2011.3080986375248,40,13
307,4.277251264974141,320.1891616399406,2417.591322220037,2097.4021605800963,40,13
308,4.287303327444958,225.9852151401067,2002.2753440064216,1776.290128866315,40,13
309,4.297355389915774,602.552099957868,2214.7288950331667,1612.1767950752987,40,13
310,4.307407452386591,823.5225062154284,2150.195000585757,1326.6724943703286,40,13
311,4.317459514857408,850.5557585219675,2141.5717465860257,1291.015988064058,40,13
312,4.327511577328224,1218.6405181216164,2416.1619592246834,1197.521441103067,40,13
313,4.337563639799042,1730.8843547221622,2841.5477255766123,1110.66337085445,40,13
314,4.347615702269858,615.3324556364984,2134.1493048601337,1518.8168492236355,40,13
315,4.3576677647406745,2113.59532275427,2956.3597758198944,842.7644530656244,40,13
316,4.367719827211491,2078.435951719122,3039.837304449201,961.401352730079,40,13
317,4.3777718896823075,959.0374358915428,2166.354490795245,1207.3170549037022,40,13
318,4.387823952153125,1406.0365187013294,2754.1624070086264,1348.125888307297,40,13
319,4.397876014623941,858.0205854894476,1998.1346876519099,1140.1141021624621,40,13
320,4.407928077094758,1739.932237360523,2886.2915894496973,1146.3593520891743,40,13
321,4.417980139565575,1651.6585530963787,2591.5063792390583,939.8478261426797,40,13
322,4.428032202036391,820.7052000344821,1772.88428718202,952.1790871475379,40,13
323,4.438084264507208,402.1937978484452,1541.388775934303,1139.1949780858579,40,13
324,4.448136326978025,220.7508357129103,1552.845475665396,1332.0946399524857,40,13
325,4.458188389448841,212.91251170897203,1547.789677116232,1334.87716540726,40,13
326,4.468240451919659,209.70384904407794,1556.435674434472,1346.731825390394,40,13
327,4.478292514390475,208.49705147408415,1544.3348419614526,1335.8377904873685,40,13
328,4.488344576861292,211.4861890872331,1525.1910285973224,1313.7048395100894,40,13
329,4.498396639332109,213.12902580209712,1498.0337047331354,1284.9046789310382,40,13
330,4.508448701802925,209.55019057716302,1500.0210415902602,1290.4708510130972,40,13
331,4.5185007642737425,220.8462956540026,1513.4646511349736,1292.6183554809709,40,13
332,4.5285528267445585,285.0759092115161,1851.129733300884,1566.053824089368,40,13
333,4.538604889215375,314.80831172470596,2129.915890508219,1815.107578783513,40,13
334,4.548656951686192,318.9593559762571,2347.9515474838254,2028.9921915075684,40,13
335,4.558709014157008,313.14146561478964,2455.959999225731,2142.8185336109414,40,13
336,4.568761076627825,305.6253585425499,2522.696218407771,2217.0708598652213,40,13
337,4.578813139098642,291.6825541119533,2541.2334623245697,2249.5509082126164,40,13
338,4.588865201569459,294.7170706624689,2575.444643955524,2280.7275732930552,40,13
339,4.598917264040276,324.7716368377797,2627.797604355392,2303.0259675176126,40,13
340,4.608969326511092,327.1597658985745,1722.6939090168992,1395.5341431183247,40,13
341,4.619021388981909,333.8381066876913,1392.6774590495415,1058.8393523618502,40,13
342,4.629073451452726,451.97892534110076,2692.687990367256,2240.7090650261553,40,13
343,4.639125513923542,486.529198451329,2696.7770445325295,2210.2478460812004,40,13
344,4.64917757639436,474.88358108640386,2703.419519566804,2228.5359384804,40,13
345,4.659229638865176,475.8027249558724,2667.9278660774353,2192.125141121563,40,13
346,4.669281701335993,410.7201409234364,2626.3527551665115,2215.6326142430753,40,13
347,4.6793337638068095,370.17257861052195,2499.4334687572677,2129.2608901467456,40,13
348,4.689385826277626,345.6278349771288,2215.5581934155584,1869.9303584384297,40,13
349,4.6994378887484425,285.73186597777,1820.644520430481,1534.912654452711,40,13
350,4.709489951219259,220.15818052569017,1439.0104799674832,1218.852299441793,40,13
351,4.719542013690076,216.37511874109524,1188.1356350315455,971.7605162904503,40,13
352,4.729594076160893,217.45654263676295,1047.5963222948105,830.1397796580476,40,13
353,4.739646138631709,188.10998872668188,915.3570469300723,727.2470582033905,40,13
354,4.749698201102526,907.9767047225307,2871.234813022662,1963.2581083001312,40,13
355,4.759750263573343,688.1243863202882,1242.9872033551142,554.862817034826,40,13
356,4.769802326044159,557.3543456833661,1114.585534853029,557.2311891696629,40,13
357,4.779854388514977,320.9873373743812,984.7883648063564,663.8010274319752,40,13
358,4.789906450985793,613.2570421064918,1189.672500136057,576.4154580295651,40,13
359,4.79995851345661,612.3801437961397,1277.537908151855,665.1577643557152,40,13
360,4.810010575927427,461.57897757142314,1029.0042608088797,567.4252832374566,40,13
361,4.820062638398243,454.5130446583005,1066.9893954378922,612.4763507795917,40,13
362,4.830114700869061,484.44515059563025,982.5844923219598,498.1393417263296,40,13
363,4.840166763339877,511.3512499769694,1040.1008293339041,528.7495793569346,40,13
364,4.8502188258106935,537.3281186728257,1060.9445740866174,523.6164554137918,40,13
365,4.86027088828151,565.7503072491511,1091.6486247526727,525.8983175035216,40,13
366,4.8703229507523265,585.8690755000024,1113.4811038673972,527.6120283673948,40,13
367,4.880375013223143,613.4547790648678,1127.8623613261825,514.4075822613147,40,13
368,4.89042707569396,572.6028759376318,1141.4814572708453,568.8785813332136,40,13
369,4.900479138164776,570.4027942456961,1149.1723186762395,578.7695244305434,40,13
370,4.910531200635594,970.238994696967,1293.5761622394875,323.33716754252055,40,13
371,4.92058326310641,587.8568290176321,1199.2100066115515,611.3531775939194,40,13
372,4.930635325577227,690.4170942783454,1303.8814879382805,613.4643936599351,40,13
373,4.940687388048044,838.4476614938359,1348.4831093896744,510.0354478958385,40,13
374,4.95073945051886,878.4059436053415,1402.1190178817142,523.7130742763727,40,13
375,4.960791512989678,1043.3361323994113,1522.1261366813044,478.79000428189306,40,13
376,4.970843575460494,1076.0375830377375,1543.386632323131,467.34904928539345,40,13
377,4.980895637931311,733.9391301596844,1549.0216076460063,815.0824774863219,40,13
378,4.990947700402128,658.1315464526934,1556.8766947758295,898.745148323136,40,13
379,5.000999762872944,612.8003335152438,1560.8633772359947,948.0630437207509,40,13
380,5.011051825343761,612.7861958257398,1563.268324199617,950.4821283738771,40,13
381,5.0211038878145775,586.7597092087312,1554.529517825364,967.7698086166329,40,13
382,5.0311559502853935,496.93379671996263,1528.8010572446171,1031.8672605246545,40,13
383,5.041208012756211,616.9657330202726,1564.097393104519,947.1316600842463,40,13
384,5.051260075227027,582.1080621838461,1556.6656383094682,974.5575761256222,40,13
385,5.061312137697844,632.5210955835007,1477.904431981131,845.3833363976303,40,13
386,5.071364200168661,1073.3047988672677,1344.1537824956129,270.8489836283452,40,13
387,5.081416262639477,530.8711583294155,1438.4102919933387,907.5391336639232,40,13
388,5.091468325110295,466.3878462596107,1461.6740543463397,995.2862080867291,40,13
389,5.101520387581111,635.1380936073194,1515.6539999129027,880.5159063055833,40,13
390,5.111572450051928,829.572436953454,1564.8528125503287,735.2803755968747,40,13
391,5.121624512522745,707.626385609616,1522.5160133961638,814.8896277865477,40,13
392,5.131676574993561,112.9935012420664,1349.6198556462152,1236.6263544041487,40,13
393,5.141728637464378,821.0436031890721,2445.290843372848,1624.2472401837758,40,13
394,5.151780699935195,671.4462919459171,1675.0252341463697,1003.5789422004526,40,13
395,5.161832762406011,446.93880132634274,1551.3357364504518,1104.396935124109,40,13
396,5.1718848248768285,1437.955771276891,2018.8638467658936,580.9080754890026,40,13
397,5.181936887347645,1548.0450407926724,2601.6287043081497,1053.5836635154774,40,13
398,5.1919889498184615,1029.4636693209145,2279.7256210723926,1250.2619517514781,40,13
399,5.202041012289278,286.8186158973668,1716.15214036027,1429.3335244629034,40,13
400,5.212093074760095,1027.2397758137745,2349.0670426889237,1321.8272668751492,40,13
401,5.222145137230911,1105.3228473527174,2590.347252625651,1485.0244052729336,40,13
402,5.232197199701728,1214.2578174297814,2184.6156443229615,970.3578268931801,40,13
403,5.242249262172545,1261.9792500551807,1837.28397228734,575.3047222321593,40,13
404,5.252301324643362,976.2568397848083,1764.6091942189807,788.3523544341724,40,13
405,5.262353387114178,260.6179679415465,1665.1224787899685,1404.504510848422,40,13
406,5.272405449584995,1507.5346585768075,2501.4064799104613,993.8718213336538,40,13
407,5.282457512055812,1040.4318729234076,2187.773902083123,1147.3420291597156,40,13
408,5.292509574526629,1011.2058494145596,2301.731906433398,1290.5260570188384,40,13
409,5.302561636997446,352.86581925731514,1638.2559436432311,1285.390124385916,40,13
410,5.312613699468262,731.1812336986937,2253.4940055143206,1522.312771815627,40,13
411,5.322665761939079,1073.3996908526099,1934.2379457035663,860.8382548509564,40,13
412,5.332717824409896,1259.8558988278787,2566.1961399817037,1306.340241153825,40,13
413,5.3427698868807125,884.7578744911561,1624.7485236345108,739.9906491433546,40,13
414,5.3528219493515286,887.7616402097464,2012.8341265319114,1125.0724863221649,40,13
415,5.3628740118223455,866.5527004397326,2001.6234756045455,1135.0707751648129,40,13
416,5.372926074293162,454.74290158067436,1307.4133945995945,852.6704930189202,40,13
417,5.382978136763979,398.8095072863464,1390.0732914526711,991.2637841663247,40,13
418,5.393030199234795,588.4055429499172,1560.2947642658835,971.8892213159663,40,13
419,5.403082261705612,603.9243576583481,1891.362393137018,1287.43803547867,40,13
420,5.413134324176429,467.95867778471535,1488.2772146714797,1020.3185368867644,40,13
421,5.423186386647246,466.6936021507326,1578.0946030835787,1111.401000932846,40,13
422,5.433238449118063,395.8674715024279,1604.729121753532,1208.861650251104,40,13
423,5.443290511588879,720.7951392809432,2128.7650987903044,1407.9699595093612,40,13
424,5.453342574059696,1066.903427438503,2570.2801592067026,1503.3767317681995,40,13
425,5.463394636530513,933.0054128361365,2294.5276630861913,1361.5222502500546,40,13
426,5.47344669900133,457.8781151008873,2088.2317765451453,1630.353661444258,40,13
427,5.483498761472146,369.074518254713,2068.179259054625,1699.1047407999122,40,13
428,5.493550823942963,391.17108933615737,1961.3517846487096,1570.1806953125522,40,13
429,5.50360288641378,387.33024219469013,1752.1454585775878,1364.8152163828977,40,13
430,5.5136549488845965,381.3057799517582,1754.4126294474286,1373.1068494956703,40,13
431,5.523707011355413,366.7052417453129,1797.1686999408178,1430.463458195505,40,13
432,5.5337590738262294,703.7529420688398,1966.3520279688948,1262.599085900055,40,13
433,5.543811136297046,357.06334791583186,1787.7227427162256,1430.6593948003938,40,13
434,5.553863198767863,394.40329344585086,1563.1294228626698,1168.7261294168188,40,13
435,5.56391526123868,1521.6999382630602,3018.926067742209,1497.2261294791488,40,13
436,5.573967323709496,520.4265491688928,2161.343842818378,1640.9172936494851,40,13
437,5.584019386180313,460.5386503442615,2070.9232402613097,1610.3845899170483,40,13
438,5.59407144865113,415.6282834328775,1906.864333075922,1491.2360496430447,40,13
439,5.604123511121947,1250.7932439710596,2193.4889427639446,942.695698792885,40,13
440,5.614175573592763,1157.1679356862282,1929.6601566054596,772.4922209192314,40,13
441,5.62422763606358,765.7890946060305,1689.3272789840712,923.5381843780407,40,13
442,5.634279698534397,519.5472631350526,1857.618145730287,1338.0708825952345,40,13
443,5.644331761005214,1946.247144597045,3055.1365102215273,1108.8893656244823,40,13
444,5.654383823476031,224.54762294973384,1977.2342704586204,1752.6866475088866,40,13
445,5.664435885946847,313.1037738933221,1839.2732588722806,1526.1694849789585,40,13
446,5.674487948417664,365.89120091510745,2075.142025665122,1709.2508247500148,40,13
447,5.6845400108884805,350.0084587549644,1600.3321344102005,1250.323675655236,40,13
448,5.694592073359297,307.8940160606586,2112.7485402039006,1804.854524143242,40,13
449,5.704644135830113,313.8033990581536,2202.686068871996,1888.8826698138425,40,13
450,5.71469619830093,277.70176716656306,2145.1451468191235,1867.4433796525605,40,13
451,5.724748260771747,207.082201088662,1697.5184984194384,1490.4362973307764,40,13
452,5.734800323242564,205.67466443660823,2232.2445323521733,2026.569867915565,40,13
453,5.74485238571338,197.152023773791,2140.796243724264,1943.6442199504731,40,13
454,5.754904448184197,179.7102107013229,1843.8193002030455,1664.1090895017226,40,13
455,5.764956510655014,203.50495164657582,1878.9223190928897,1675.4173674463138,40,13
456,5.775008573125831,384.7218387230606,1859.4565756568186,1474.734736933758,40,13
457,5.785060635596648,988.6243231725663,1765.0512696391388,776.4269464665725,40,13
458,5.795112698067464,550.9916593662987,1716.8853153781076,1165.893656011809,40,13
459,5.805164760538281,287.33944388564544,1741.9380145925095,1454.598570706864,40,13
460,5.815216823009098,359.7632523544902,1656.1642537635098,1296.4010014090195,40,13
461,5.825268885479915,420.261787293344,1633.0468452169011,1212.7850579235571,40,13
462,5.835320947950731,420.2989969246364,1629.742345694757,1209.4433487701206,40,13
463,5.8453730104215476,412.37804950270134,1562.893429976747,1150.5153804740457,40,13
464,5.8554250728923645,474.2681365332386,1541.017824358681,1066.7496878254424,40,13
465,5.865477135363181,538.5407167446357,1535.894570603401,997.3538538587653,40,13
466,5.875529197833998,575.4615672151496,1540.4780799167236,965.016512701574,40,13
467,5.885581260304814,579.2244209143018,1544.7981366867552,965.5737157724534,40,13
468,5.895633322775631,560.6497441523381,1554.3842147849136,993.7344706325755,40,13
469,5.905685385246448,494.17547065546614,1556.0993845268542,1061.923913871388,40,13
470,5.915737447717265,431.85543455921726,1550.7895678239847,1118.9341332647675,40,13
471,5.925789510188081,410.44003994703405,1548.3997880412423,1137.9597480942084,40,13
472,5.935841572658898,364.4839601755433,1512.462697069918,1147.9787368943748,40,13
473,5.945893635129715,326.81889864244306,1483.2948885772196,1156.4759899347764,40,13
474,5.955945697600532,308.6091405518892,1500.4829365476685,1191.8737959957793,40,13
475,5.965997760071348,258.42671404832555,1574.5442518656273,1316.1175378173018,40,13
476,5.976049822542165,219.95828352507107,1679.6824928686815,1459.7242093436105,40,13
477,5.986101885012982,202.1953574408124,1715.1398800303725,1512.9445225895602,40,13
478,5.996153947483799,870.0211021720714,2293.0646216781665,1423.043519506095,40,13
479,6.0062060099546155,1751.6105373345388,2902.0023164282957,1150.391779093757,40,13
480,6.0162580724254315,1736.8007923955724,3272.8906044025457,1536.0898120069733,40,13
481,6.0263101348962484,1752.5422070629197,3490.5971658046315,1738.0549587417117,40,13
482,6.036362197367065,1724.012877883362,2930.786509431626,1206.7736315482641,40,13
483,6.046414259837882,1713.3643112841278,2618.5758878738657,905.2115765897379,40,13
484,6.056466322308698,1673.0103739521037,2802.1956176915533,1129.1852437394496,40,13
485,6.066518384779515,1680.5844051718293,2801.240175324189,1120.6557701523595,40,13
486,6.076570447250332,1672.6560804835094,3237.9628078673272,1565.3067273838178,40,13
487,6.086622509721149,1662.244771587434,3106.7675765318954,1444.5228049444615,40,13
488,6.096674572191965,1666.7307493181552,2999.8566966561843,1333.1259473380292,40,13
489,6.106726634662782,1650.322274635208,3162.0806164763703,1511.7583418411623,40,13
490,6.116778697133599,1671.5594194762266,3215.7281643264123,1544.1687448501857,40,13
491,6.126830759604416,1412.613595608173,1686.2697291079724,273.65613349979935,40,13
492,6.136882822075233,1554.886308031801,2859.074538073771,1304.1882300419697,40,13
493,6.146934884546049,1566.6382884667223,2384.8502498605335,818.2119613938112,40,13
494,6.156986947016866,1396.7034736044054,1577.0287703927477,180.32529678834226,40,13
495,6.167039009487683,1515.3877855578196,1696.9156938508618,181.52790829304217,40,13
496,6.1770910719584995,1127.7217757628946,2578.8437646552243,1451.1219888923297,40,13
497,6.1871431344293155,251.3647169349431,1250.936372047042,999.5716551120988,40,13
498,6.197195196900132,293.0735894212554,1145.4380567030387,852.3644672817833,40,13
499,6.207247259370949,307.60641711690397,1058.351278186267,750.7448610693632,40,13
500,6.217299321841766,312.5374119030343,1050.387706756174,737.8502948531398,40,13
501,6.227351384312583,319.8395134481913,1071.5787533669188,751.7392399187274,40,13
502,6.237403446783399,326.2521382834952,1180.2555219693265,854.0033836858313,40,13
503,6.247455509254216,335.620807312006,1266.7116021048591,931.0907947928531,40,13
504,6.257507571725033,346.6276527607697,1468.3085070965842,1121.6808543358145,40,13
505,6.26755963419585,382.9964540568101,1570.4177785313595,1187.4213244745495,40,13
506,6.277611696666666,389.26658820607787,1635.7860538488687,1246.519465642791,40,13
507,6.287663759137483,393.8063095793008,1623.2584873865858,1229.452177807285,40,13
508,6.2977158216083,397.23623214826034,1624.4175868240502,1227.1813546757899,40,13
509,6.307767884079117,404.3915621592604,1684.534612103401,1280.1430499441408,40,13
510,6.317819946549933,376.36217959631904,1633.0903926927474,1256.7282130964284,40,13
511,6.32787200902075,364.3449642622849,1581.4726567659159,1217.127692503631,40,13
512,6.337924071491567,365.03120850106967,1573.0074314088083,1207.9762229077387,40,13
513,6.3479761339623835,312.71876714110067,1517.1098289216236,1204.391061780523,40,13
514,6.3580281964332,275.18878054903985,1476.6879560544342,1201.4991755053943,40,13
515,6.368080258904016,262.2838073589661,1390.958938309697,1128.6751309507308,40,13
516,6.378132321374833,266.62568562819723,1419.8783491016723,1153.252663473475,40,13
517,6.38818438384565,279.9929894044393,1483.7300817237356,1203.7370923192962,40,13
518,6.398236446316467,270.0845319101901,1491.0296908848522,1220.9451589746623,40,13
519,6.408288508787283,266.57838595115356,1486.653645955391,1220.0752600042374,40,13
520,6.4183405712581,261.5505331185204,1488.955290211229,1227.4047570927087,40,13
521,6.428392633728917,262.613268789798,1479.4444576607068,1216.8311888709088,40,13
522,6.438444696199734,258.0809779245464,1467.814777949307,1209.7338000247605,40,13
523,6.44849675867055,322.7821109236597,1546.6538565115452,1223.8717455878855,40,13
524,6.458548821141367,335.7190270409462,1729.9911573447748,1394.2721303038286,40,13
525,6.468600883612184,328.2611584490872,2296.231662086817,1967.9705036377297,40,13
526,6.478652946083001,287.83023646535383,2375.4261615520572,2087.5959250867036,40,13
527,6.488705008553818,283.39715543662027,2431.2092180418013,2147.812062605181,40,13
528,6.498757071024634,272.15543087853376,2514.1488221046775,2241.9933912261436,40,13
529,6.5088091334954505,283.3938927555391,2542.2316105871405,2258.8377178316014,40,13
530,6.5188611959662675,291.89737639364705,2604.5743358540412,2312.6769594603943,40,13
531,6.528913258437084,312.14675054447383,2575.4506133844166,2263.3038628399427,40,13
532,6.5389653209079,325.70926497407015,2940.497645783068,2614.7883808089978,40,13
533,6.549017383378717,281.19046668447993,894.7330538578196,613.5425871733397,40,13
534,6.559069445849534,282.3890123063117,1114.0487411069585,831.6597288006467,40,13
535,6.569121508320351,290.6549721544629,1132.1277360768386,841.4727639223756,40,13
536,6.579173570791168,288.8414697969365,1193.1795383497374,904.3380685528009,40,13
537,6.589225633261984,275.70181920142863,1250.1088984287856,974.4070792273569,40,13
538,6.599277695732801,281.910166941179,1324.9157189937225,1043.0055520525434,40,13
539,6.609329758203618,292.09317444635826,1356.3928234846856,1064.2996490383273,40,13
540,6.619381820674435,277.72341159157037,1358.7872919455044,1081.063880353934,40,13
541,6.629433883145251,267.2918256280362,1342.4747290104845,1075.1829033824483,40,13
542,6.639485945616068,251.34066011215936,1262.6408038446764,1011.300143732517,40,13
543,6.649538008086885,233.33475165585074,1149.1389478708952,915.8041962150445,40,13
544,6.659590070557702,251.01138362115395,1336.4009982489274,1085.3896146277734,40,13
545,6.669642133028518,253.25593107437055,1360.3101327406687,1107.054201666298,40,13
546,6.6796941954993345,253.76798345481336,1325.4731140190142,1071.7051305642008,40,13
547,6.689746257970151,258.65168203919,1360.1923703120174,1101.5406882728273,40,13
548,6.699798320440968,285.0380033097086,1339.9908845978637,1054.9528812881551,40,13
549,6.709850382911785,284.3750085030672,1459.4211362519643,1175.046127748897,40,13
550,6.719902445382601,246.8597246757685,1512.546569953918,1265.6868452781493,40,13
551,6.729954507853418,237.56743598224926,1459.4091646087754,1221.8417286265262,40,13
552,6.740006570324235,218.9632221981194,1547.6286966944385,1328.6654744963191,40,13
553,6.750058632795052,183.5408578592236,1540.8207746408652,1357.2799167816415,40,13
554,6.760110695265868,161.63634587276792,1511.0473998599728,1349.411053987205,40,13
555,6.770162757736685,148.73494626640797,1556.1977379737134,1407.4627917073053,40,13
556,6.780214820207502,516.0601131128906,1954.6237839771463,1438.5636708642558,40,13
557,6.790266882678319,1522.1530839231834,2387.9555455485006,865.8024616253172,40,13
558,6.800318945149135,1354.9014555094911,2305.272744568586,950.3712890590948,40,13
559,6.810371007619952,896.5273084962288,2121.049551647129,1224.5222431509005,40,13
560,6.820423070090769,686.9988432677625,1857.562548409394,1170.5637051416315,40,13
561,6.830475132561586,699.7930999422905,1816.2154618633015,1116.422361921011,40,13
562,6.8405271950324025,774.0467843441401,1749.7873731386517,975.7405887945116,40,13
563,6.8505792575032185,669.1254696743448,1798.988863390304,1129.8633937159593,40,13
564,6.860631319974035,611.6009226793136,1886.375086100077,1274.7741634207632,40,13
565,6.870683382444852,1829.2158347014463,3056.6070075398875,1227.3911728384412,40,13
566,6.880735444915669,410.0884504020428,1801.7616253533586,1391.6731749513158,40,13
567,6.890787507386485,346.4147732076524,1814.9460089385575,1468.531235730905,40,13
568,6.900839569857302,302.0309512737141,1772.3963552327875,1470.3654039590733,40,13
569,6.910891632328119,1119.0040091769404,1746.3263086980178,627.3222995210774,40,13
570,6.920943694798936,535.5951663574147,1731.1786241833383,1195.5834578259237,40,13
571,6.930995757269753,319.5931560479718,1728.9355453401972,1409.3423892922256,40,13
572,6.941047819740569,288.802189337513,1768.7268323953454,1479.9246430578323,40,13
573,6.951099882211386,167.30213078569537,1780.1879048276178,1612.8857740419223,40,13
574,6.961151944682203,69.4785860756446,1789.8467685631974,1720.3681824875528,40,13
575,6.97120400715302,1195.361413058562,2553.0921802942,1357.7307672356378,40,13
576,6.981256069623836,1269.5492115357913,2730.348214343194,1460.7990028074025,40,13
577,6.991308132094653,272.1878720807946,1717.905176595524,1445.7173045147292,40,13
578,7.0013601945654695,986.3161758111452,1707.6427250795596,721.3265492684144,40,13
579,7.0114122570362865,1555.2071078059248,3008.881306898894,1453.674199092969,40,13
580,7.0214643195071025,1131.0546087683908,2341.199068199218,1210.144459430827,40,13
581,7.031516381977919,989.5271583004894,2231.5670177918837,1242.0398594913943,40,13
582,7.041568444448736,1122.2869283870614,1570.6632456488228,448.3763172617614,40,13
583,7.051620506919553,1549.275634554226,2901.1688395962547,1351.8932050420287,40,13
584,7.06167256939037,1213.6441453087227,2608.5529534907737,1394.908808182051,40,13
585,7.071724631861186,1298.039568127026,1823.1583842787413,525.1188161517152,40,13
586,7.081776694332003,1324.3377953491483,2901.064369675819,1576.7265743266705,40,13
587,7.09182875680282,756.2408559288715,1947.3227747420847,1191.0819188132132,40,13
588,7.101880819273637,1051.8541596351597,1906.6083126954984,854.7541530603387,40,13
589,7.111932881744453,463.6344800691793,1762.3034451792269,1298.6689651100476,40,13
590,7.12198494421527,687.1417494239464,1800.3409423942471,1113.1991929703008,40,13
591,7.132037006686087,891.56882901927,1870.53513479184,978.96630577257,40,13
592,7.142089069156904,971.9137833916693,2054.6619022036516,1082.7481188119823,40,13
593,7.15214113162772,1245.0818939269259,2500.437078697084,1255.355184770158,40,13
594,7.162193194098537,264.75927414933454,1618.352550706798,1353.5932765574635,40,13
595,7.1722452565693535,1159.0330613133005,2536.0932275860914,1377.0601662727909,40,13
596,7.18229731904017,1123.1639014062023,2430.1615106966815,1306.9976092904792,40,13
597,7.192349381510987,456.84613960183617,1771.1244159824887,1314.2782763806526,40,13
598,7.202401443981803,1475.6619859573161,2515.097562442291,1039.4355764849747,40,13
599,7.21245350645262,1317.2221573743166,1897.5946489442342,580.3724915699177,40,13
600,7.222505568923437,1159.5679297294173,2495.315036288088,1335.7471065586706,40,13
601,7.232557631394254,1210.2973540351834,1849.7666909524464,639.469336917263,40,13
602,7.24260969386507,1501.2904164486952,1791.592433086905,290.3020166382098,40,13
603,7.252661756335887,1504.1289700772822,2347.0938722730834,842.9649021958012,40,13
604,7.262713818806704,861.7330433142372,1814.8107576339269,953.0777143196897,40,13
605,7.272765881277521,929.5095609252312,1723.3530728887463,793.8435119635151,40,13
606,7.282817943748338,999.0947119105468,1827.8462053183487,828.7514934078018,40,13
607,7.292870006219154,420.20763156745693,1670.0030835771229,1249.795452009666,40,13
608,7.302922068689971,851.4552944801356,2237.5167040602246,1386.0614095800888,40,13
609,7.312974131160788,1519.7813929059412,3142.620684345242,1622.8392914393007,40,13
610,7.323026193631605,1218.1242358137968,2821.9635482862195,1603.8393124724228,40,13
611,7.333078256102421,922.2120760616627,1594.5348425752643,672.3227665136016,40,13
612,7.3431303185732375,170.8267429436813,1520.26946138859,1349.4427184449087,40,13
613,7.353182381044054,235.43788320625032,1625.3159094413188,1389.8780262350685,40,13
614,7.363234443514871,489.57985132518166,1835.860124518446,1346.2802731932643,40,13
615,7.373286505985687,969.2274375220716,2010.355034906182,1041.1275973841105,40,13
616,7.383338568456504,1379.0144250327962,2519.7825830803413,1140.768158047545,40,13
617,7.393390630927321,927.1996372688,1866.0236988261834,938.8240615573834,40,13
618,7.403442693398138,649.4010252224147,1930.2147939637123,1280.8137687412977,40,13
619,7.413494755868955,303.1558245245373,1891.4478567372414,1588.292032212704,40,13
620,7.423546818339771,1753.3508670785338,3017.1402658061334,1263.7893987275995,40,13
621,7.433598880810588,1606.703060132489,2816.211911776754,1209.5088516442647,40,13
622,7.443650943281405,881.8291395678956,2211.6706868096876,1329.841547241792,40,13
623,7.453703005752222,1019.4332712857212,1947.7230761697108,928.2898048839896,40,13
624,7.463755068223038,1189.0605334793554,1900.3727841865834,711.312250707228,40,13
625,7.473807130693855,951.6897907738144,1787.5133247889846,835.8235340151703,40,13
626,7.483859193164672,967.4142572206973,1905.573438902281,938.1591816815836,40,13
627,7.4939112556354885,1478.6859895685222,2589.418223772083,1110.7322342035607,40,13
628,7.503963318106305,785.6155174369552,2268.6411988897307,1483.0256814527756,40,13
629,7.5140153805771215,566.4800313746719,1444.3153731047055,877.8353417300336,40,13
630,7.524067443047938,756.8593282643837,1490.511593047626,733.6522647832423,40,13
631,7.534119505518755,842.6369567713672,1496.85185551875,654.2148987473828,40,13
632,7.544171567989572,909.3759421344619,1495.8183134548817,586.4423713204199,40,13
633,7.554223630460388,1005.7169153958399,1556.3336314149833,550.6167160191434,40,13
634,7.564275692931205,1069.604920923365,1591.7302524458892,522.1253315225242,40,13
635,7.574327755402022,997.1342603489335,1593.9301710388906,596.7959106899572,40,13
636,7.584379817872839,883.4121153862061,1605.9856610526,722.573545666394,40,13
637,7.594431880343655,675.9459362182865,1552.7344001171587,876.7884638988721,40,13
638,7.604483942814472,545.7727605081998,1510.907842111776,965.1350816035763,40,13
639,7.614536005285289,521.3554752183799,1452.3323644780758,930.9768892596959,40,13
640,7.624588067756106,467.0113950977944,1346.927491325389,879.9160962275946,40,13
641,7.634640130226923,366.2570489597604,1194.91108828097,828.6540393212097,40,13
642,7.644692192697739,256.9892088506094,1074.8974889336096,817.9082800830001,40,13
643,7.654744255168556,264.4797260233681,1137.6377126288087,873.1579866054406,40,13
644,7.6647963176393725,299.6815564140948,1304.1717849466131,1004.4902285325184,40,13
645,7.674848380110189,265.54164645810414,988.7761674871017,723.2345210289975,40,13
646,7.6849004425810055,235.2435236470482,969.1611439662097,733.9176203191615,40,13
647,7.694952505051822,254.3977652054557,987.9083304063176,733.510565200862,40,13
648,7.705004567522639,298.13503366358947,968.5490935629233,670.4140598993338,40,13
649,7.715056629993456,297.2860910633329,991.8430161943473,694.5569251310144,40,13
650,7.725108692464272,319.50040576218527,1153.1857937414577,833.6853879792725,40,13
651,7.735160754935089,324.01164213099037,1276.935565912359,952.9239237813686,40,13
652,7.745212817405906,388.14489733914303,1462.5711708424735,1074.4262735033305,40,13
653,7.755264879876723,402.58483390158534,1589.4930673872898,1186.9082334857044,40,13
654,7.76531694234754,376.4541785304267,1649.2354062903626,1272.781227759936,40,13
655,7.775369004818356,343.2429663558302,1875.003006867511,1531.7600405116807,40,13
656,7.785421067289173,358.65545533415985,2004.620717323642,1645.9652619894823,40,13
657,7.79547312975999,393.685990828891,2109.1975327249565,1715.5115418960654,40,13
658,7.805525192230807,371.5528877860276,2168.3101793827022,1796.7572915966746,40,13
659,7.815577254701623,262.1386638963023,2102.4657799257234,1840.3271160294212,40,13
660,7.82562931717244,192.75282141374672,1989.5524576458959,1796.7996362321492,40,13
661,7.8356813796432565,2045.3215363763031,3481.7009303001573,1436.3793939238542,40,13
662,7.845733442114073,1900.877929556727,3017.956372740206,1117.078443183479,40,13
663,7.8557855045848894,1839.1951783386057,3021.0568375759935,1181.8616592373878,40,13
664,7.865837567055706,1846.5435143644215,3025.157839643146,1178.6143252787244,40,13
665,7.875889629526523,1920.5172069502971,2798.9760819224107,878.4588749721136,40,13
666,7.88594169199734,1947.9964105095646,2961.8020642876786,1013.805653778114,40,13
667,7.895993754468157,1763.7458213060486,2930.3912295089017,1166.645408202853,40,13
668,7.906045816938973,1785.9194693827856,2892.4380315107633,1106.5185621279777,40,13
669,7.91609787940979,1814.0721808997237,1926.75392973791,112.68174883818642,40,13
670,7.926149941880607,1886.8860690544507,2871.110859484898,984.2247904304472,40,13
671,7.936202004351424,1227.65885186263,2009.3682336576808,781.7093817950508,40,13
672,7.94625406682224,835.1707234175326,1932.7698038129756,1097.599080395443,40,13
673,7.956306129293057,292.86446009246066,1737.3285057176743,1444.4640456252137,40,13
674,7.966358191763874,334.1476928811825,1710.0749058502631,1375.9272129690808,40,13
675,7.976410254234691,552.9512138062001,1658.802360059482,1105.851146253282,40,13
676,7.9864623167055075,612.2228048985045,1604.8750837712155,992.652278872711,40,13
677,7.996514379176324,666.9583406004488,1505.3170565256771,838.3587159252284,40,13
678,8.006566441647141,712.8973040686527,1293.6966279351614,580.7993238665086,40,13
679,8.016618504117957,770.4989330852211,1592.2452836816951,821.746350596474,40,13
680,8.026670566588773,821.8546114578468,1559.811564648742,737.9569531908952,40,13
681,8.03672262905959,866.5687630858828,1612.8500293464779,746.2812662605951,40,13
682,8.046774691530407,815.8386363584731,1567.2601660925393,751.4215297340662,40,13
683,8.056826754001225,736.4305432151203,1540.5162734655898,804.0857302504695,40,13
684,8.066878816472041,721.2894914067119,1647.6657279829888,926.3762365762768,40,13
685,8.076930878942857,640.6520125270454,1797.1669602596971,1156.5149477326518,40,13
686,8.086982941413673,600.5886014076102,1967.7647925727422,1367.176191165132,40,13
687,8.097035003884491,569.500315284809,2200.3922936073495,1630.8919783225406,40,13
688,8.107087066355309,548.7180589175155,2284.2069587463006,1735.4888998287852,40,13
689,8.117139128826125,484.80399954492947,2273.9679452313176,1789.1639456863882,40,13
690,8.12719119129694,464.7012800329048,2053.03548411869,1588.3342040857851,40,13
691,8.137243253767757,769.6070971967596,2421.242744972948,1651.6356477761883,40,13
692,8.147295316238575,741.5257190023718,2147.27750970636,1405.7517907039883,40,13
693,8.157347378709392,712.4994309210701,2255.318938542661,1542.8195076215907,40,13
694,8.167399441180208,673.801361401303,2324.8123890751936,1651.0110276738906,40,13
695,8.177451503651024,601.0244443725759,2138.1270170614903,1537.1025726889143,40,13
696,8.18750356612184,697.1727030773089,2151.6437221600336,1454.4710190827245,40,13
697,8.197555628592658,753.0455416962328,2116.0142353364567,1362.968693640224,40,13
698,8.207607691063474,697.994267331914,1898.664679681453,1200.670412349539,40,13
699,8.217659753534292,589.428733653662,1737.35600108425,1147.927267430588,40,13
700,8.227711816005108,513.7438539594733,1916.1452174625506,1402.4013635030774,40,13
701,8.237763878475924,421.8639204966367,1796.9435512777104,1375.0796307810738,40,13
702,8.247815940946742,257.5885370965523,1620.5419016921928,1362.9533645956406,40,13
703,8.257868003417558,270.2433993543074,1974.4794695588698,1704.2360702045623,40,13
704,8.267920065888376,285.21089596344535,2079.009981922888,1793.7990859594427,40,13
705,8.277972128359192,315.714227403792,2285.7675691786653,1970.0533417748734,40,13
706,8.288024190830008,312.841395499146,2380.655109217262,2067.813713718116,40,13
707,8.298076253300824,262.7039829566038,2249.814653717097,1987.1106707604931,40,13
708,8.308128315771642,218.4757022294328,2192.8235498987983,1974.3478476693656,40,13
709,8.31818037824246,201.10946683554462,2306.635578161866,2105.5261113263214,40,13
710,8.328232440713276,198.81054973530956,2203.6376269301127,2004.8270771948032,40,13
711,8.338284503184092,176.965942154405,2171.0027085113506,1994.0367663569457,40,13
712,8.348336565654908,188.6736284510513,2182.7471302268277,1994.0735017757765,40,13
713,8.358388628125725,177.3269928675325,2098.921204863211,1921.5942119956787,40,13
714,8.368440690596543,187.34524328689545,1829.505242856482,1642.1599995695865,40,13
715,8.37849275306736,203.04011331135172,1853.1593957468801,1650.1192824355285,40,13
716,8.388544815538175,350.97623271376176,2247.741763555743,1896.7655308419812,40,13
717,8.398596878008991,928.6456951407164,2204.6824581348415,1276.0367629941252,40,13
718,8.408648940479809,558.5839642582947,1599.8092942130243,1041.2253299547297,40,13
719,8.418701002950627,547.4348246021543,1741.638103857688,1194.2032792555337,40,13
720,8.428753065421443,425.9275676931211,1898.011593035589,1472.0840253424678,40,13
721,8.438805127892259,384.2984833016539,1700.6803802425368,1316.3818969408828,40,13
722,8.448857190363075,393.45727702745035,1708.4005728567504,1314.9432958293,40,13
723,8.458909252833893,428.5072199150609,1658.4882269568277,1229.9810070417668,40,13
724,8.46896131530471,468.9351053655891,1618.6970878395498,1149.7619824739606,40,13
725,8.479013377775527,453.13463041394203,1575.805929663618,1122.671299249676,40,13
726,8.489065440246343,419.91865649807755,1568.4235059082328,1148.5048494101552,40,13
727,8.499117502717159,400.08652175165753,1555.4637403953034,1155.3772186436458,40,13
728,8.509169565187976,407.045896677427,1561.0768112407097,1154.0309145632827,40,13
729,8.519221627658792,406.53765540740886,1568.2110771299062,1161.6734217224973,40,13
730,8.52927369012961,420.5761933524773,1576.3523282446029,1155.7761348921256,40,13
731,8.539325752600426,414.5289177350902,1577.6536957978265,1163.1247780627364,40,13
732,8.549377815071242,395.1532305152302,1594.8314601679892,1199.678229652759,40,13
733,8.559429877542058,354.84198483480986,1582.6545715005884,1227.8125866657786,40,13
734,8.569481940012876,321.73315701962247,1579.2068254874873,1257.4736684678649,40,13
735,8.579534002483694,304.2373516498169,1634.9656172808723,1330.7282656310554,40,13
736,8.58958606495451,285.114604208983,1701.3310522490601,1416.216448040077,40,13
737,8.599638127425326,242.3218980125237,1719.85357509628,1477.5316770837564,40,13
738,8.609690189896142,205.01292185329183,1736.4118086495887,1531.398886796297,40,13
739,8.61974225236696,1756.2115039746716,3353.021596354277,1596.8100923796053,40,13
740,8.629794314837778,1787.135422457221,3487.371318400804,1700.2358959435828,40,13
741,8.639846377308594,1787.3561681530884,3358.4933196636753,1571.1371515105868,40,13
742,8.64989843977941,1770.1625611777101,3087.8936499337665,1317.7310887560564,40,13
743,8.659950502250226,1752.8452538129532,2935.779503464917,1182.934249651964,40,13
744,8.670002564721043,1727.7763351906715,3145.3453000779336,1417.5689648872622,40,13
745,8.680054627191861,1725.2272477375277,3141.7175404437894,1416.4902927062617,40,13
746,8.690106689662677,1739.05698760524,3106.184405647701,1367.1274180424612,40,13
747,8.700158752133493,1723.4047838805616,3192.37126088639,1468.9664770058282,40,13
748,8.71021081460431,1695.6576472079248,3034.927550764759,1339.2699035568342,40,13
749,8.720262877075127,1669.0572178930056,2953.0487218996705,1283.9915040066649,40,13
750,8.730314939545945,1224.803361585824,2099.874385745648,875.071024159824,40,13
751,8.740367002016761,1052.4215558869805,1778.5355745349332,726.1140186479527,40,13
752,8.750419064487577,429.3172849113257,1678.098995312372,1248.7817104010462,40,13
753,8.760471126958393,1540.3766060903404,1827.672620897737,287.29601480739666,40,13
754,8.77052318942921,376.3434524946718,1482.0428389135143,1105.6993864188426,40,13
755,8.780575251900027,280.1631247576158,1423.0734598450244,1142.9103350874086,40,13
756,8.790627314370845,299.11093185380463,1304.760357102989,1005.6494252491843,40,13
757,8.80067937684166,339.6333644890517,1230.605289912354,890.9719254233023,40,13
758,8.810731439312477,386.56056420319453,1323.8367678824334,937.2762036792388,40,13
759,8.820783501783295,351.89177380246355,1354.1060393868759,1002.2142655844123,40,13
760,8.83083556425411,324.3961388328666,1436.991499485256,1112.5953606523894,40,13
761,8.840887626724928,290.89833393962124,1468.2886658753387,1177.3903319357173,40,13
762,8.850939689195744,265.3174538542208,1538.9142118921523,1273.5967580379315,40,13
763,8.86099175166656,259.8806787197873,1621.8155091595338,1361.9348304397465,40,13
764,8.871043814137376,280.9266392065348,1697.5977946761243,1416.6711554695894,40,13
765,8.881095876608194,274.95917243387794,1712.6673963720793,1437.7082239382014,40,13
766,8.891147939079012,267.18347937532945,1765.4616046018511,1498.2781252265218,40,13
767,8.901200001549828,270.868093744418,1754.0771428453381,1483.20904910092,40,13
768,8.911252064020644,273.10605196673447,1736.0569368498582,1462.9508848831238,40,13
769,8.92130412649146,273.5149163300674,1667.2766479379393,1393.7617316078718,40,13
770,8.931356188962278,257.76895642475847,1541.3766895862914,1283.607733161533,40,13
771,8.941408251433096,253.0640407868474,1501.019850693238,1247.9558099063904,40,13
772,8.951460313903912,270.82001906165004,1455.0347854488994,1184.2147663872493,40,13
773,8.961512376374728,259.4723858236827,1373.9487261603317,1114.476340336649,40,13
774,8.971564438845544,262.12348461845244,1397.3235057592779,1135.2000211408254,40,13
775,8.981616501316362,264.899382053835,1329.6204546345018,1064.7210725806667,40,13
776,8.99166856378718,264.7420200998443,1206.348155102415,941.6061350025707,40,13
777,9.001720626257995,255.08722321978433,1283.4638073483793,1028.376584128595,40,13
778,9.011772688728811,286.08022519674563,1551.3921260365871,1265.3119008398414,40,13
779,9.021824751199627,325.33302098585773,1623.5764821334735,1298.2434611476158,40,13
780,9.031876813670445,525.0025473788685,1911.3868452574743,1386.3842978786058,40,13
781,9.041928876141263,534.8342025635781,2281.886337039505,1747.0521344759272,40,13
782,9.051980938612079,554.3333529259005,2469.6246939066473,1915.2913409807468,40,13
783,9.062033001082895,565.9005030180856,2553.432569859731,1987.5320668416452,40,13
784,9.072085063553711,634.9577800644375,2616.269660698537,1981.3118806340995,40,13
785,9.082137126024529,627.2350362836263,2667.8780147312095,2040.6429784475831,40,13
786,9.092189188495345,608.6207403492905,2820.480847503072,2211.8601071537814,40,13
787,9.102241250966163,622.1197278019404,2997.8212225540865,2375.701494752146,40,13
788,9.112293313436979,538.0645846342867,3047.358361497652,2509.293776863365,40,13
789,9.122345375907795,427.29448558533306,2975.9190327550755,2548.6245471697425,40,13
790,9.13239743837861,271.92917117933064,1127.6944241506878,855.7652529713572,40,13
791,9.142449500849429,269.5201937981352,1245.7890250766047,976.2688312784695,40,13
792,9.152501563320246,279.14469503755004,1357.5184423129451,1078.373747275395,40,13
793,9.162553625791062,278.75357496178077,1453.2171310276276,1174.463556065847,40,13
794,9.172605688261878,272.01458648870926,1446.6562308582245,1174.6416443695152,40,13
795,9.182657750732695,260.5160864359542,1419.7898664105012,1159.2737799745469,40,13
796,9.192709813203512,268.257004570902,1477.9411674852038,1209.6841629143019,40,13
797,9.202761875674328,268.3940330640488,1483.1743165246346,1214.780283460586,40,13
798,9.212813938145146,260.29336659697134,1474.5124876610664,1214.2191210640951,40,13
799,9.222866000615962,270.92668985873934,1476.6630381002653,1205.736348241526,40,13
800,9.23291806308678,248.347302238993,1486.2001242096487,1237.8528219706557,40,13
801,9.242970125557596,225.0940862934288,1482.2869687246625,1257.1928824312338,40,13
802,9.253022188028412,205.61909817574372,1512.9478474504813,1307.3287492747377,40,13
803,9.26307425049923,172.618046504186,1536.674596115721,1364.056549611535,40,13
804,9.273126312970046,163.47608564245704,1560.6519156898544,1397.1758300473973,40,13
805,9.283178375440864,157.02665583466174,1588.7661902798216,1431.7395344451597,40,13
806,9.29323043791168,154.73941691844527,1619.4296644946219,1464.6902475761767,40,13
807,9.303282500382496,157.00827370998064,1795.591264023775,1638.5829903137944,40,13
808,9.313334562853314,158.25206664952628,1686.10584987437,1527.8537832248437,40,13
809,9.32338662532413,188.03952930257725,1759.7176574582704,1571.6781281556932,40,13
810,9.333438687794946,1617.5347097876966,2847.943991493057,1230.4092817053606,40,13
811,9.343490750265763,1165.890782757739,2569.8948409777213,1404.0040582199822,40,13
812,9.35354281273658,362.31011654297987,1797.512977899459,1435.2028613564792,40,13
813,9.363594875207397,1250.4962756160257,1817.6749773345393,567.1787017185136,40,13
814,9.373646937678213,794.1996726114606,1726.0216802756117,931.8220076641511,40,13
815,9.38369900014903,665.0954729298492,1693.028718027245,1027.933245097396,40,13
816,9.393751062619847,614.6897625764192,1699.1381368447917,1084.4483742683724,40,13
817,9.403803125090663,902.3464762031547,1707.3714887384908,805.0250125353361,40,13
818,9.41385518756148,1344.2491339639275,1713.265987534258,369.01685357033057,40,13
819,9.423907250032297,376.65611382004397,1700.0366874276226,1323.3805736075788,40,13
820,9.433959312503113,845.8319817130471,2172.9271071433773,1327.0951254303302,40,13
821,9.44401137497393,643.8548938331774,1673.9443634466443,1030.089469613467,40,13
822,9.454063437444747,1626.4417663357692,3176.004952984495,1549.5631866487258,40,13
823,9.464115499915563,976.751048809801,2348.1208216946707,1371.3697728848697,40,13
824,9.47416756238638,939.0996360005054,1928.937024515595,989.8373885150897,40,13
825,9.484219624857197,429.527191966652,1748.0822879677135,1318.5550960010614,40,13
826,9.494271687328014,519.6888548255084,1962.8616994246524,1443.172844599144,40,13
827,9.50432374979883,937.178895850851,2299.8069391040103,1362.6280432531594,40,13
828,9.514375812269646,992.3918651272772,2141.9529419757,1149.5610768484228,40,13
829,9.524427874740464,1174.3774049810609,2608.667953530909,1434.2905485498482,40,13
830,9.53447993721128,1187.5473018906446,1906.756199869328,719.2088979786834,40,13
831,9.544531999682098,1525.6474530711914,2995.228916111142,1469.5814630399507,40,13
832,9.554584062152914,1374.6776106990148,2215.166823706211,840.489213007196,40,13
833,9.56463612462373,1261.4534305099296,1943.9843759171038,682.5309454071742,40,13
834,9.574688187094548,240.4601203976495,1659.8435467102427,1419.3834263125932,40,13
835,9.584740249565364,309.327975896617,1652.8047797457064,1343.4768038490893,40,13
836,9.59479231203618,614.7427389252288,2035.881069920831,1421.1383309956022,40,13
837,9.604844374506998,200.08351207362526,2201.274936411626,2001.1914243380008,40,13
838,9.614896436977814,1027.484218504218,2301.0491058598845,1273.5648873556665,40,13
839,9.624948499448632,997.2196885393578,2240.6665772001998,1243.446888660842,40,13
840,9.635000561919448,658.1590999957436,1918.8594982876878,1260.700398291944,40,13
841,9.645052624390264,935.0740524998863,1940.408025844633,1005.3339733447466,40,13
842,9.655104686861081,296.66529164505994,1898.2034710636963,1601.5381794186364,40,13
843,9.665156749331898,872.1352809823745,1843.3676274413276,971.2323464589531,40,13
844,9.675208811802715,985.5586824087579,2010.119561079217,1024.560878670459,40,13
845,9.685260874273531,1478.3179613763707,2746.1597554288405,1267.8417940524698,40,13
846,9.695312936744347,959.1746396288776,2076.738055588363,1117.5634159594852,40,13
847,9.705364999215165,388.50016599980603,1637.7385473061963,1249.2383813063902,40,13
848,9.715417061685981,667.6839961906869,1795.646048684259,1127.9620524935722,40,13
849,9.725469124156797,1771.9427796158484,2333.1636372013995,561.2208575855511,40,13
850,9.735521186627615,1786.334383708374,3021.2580403211396,1234.9236566127656,40,13
851,9.745573249098431,267.1232049372438,1841.4712636497543,1574.3480587125105,40,13
852,9.755625311569249,290.909722477987,1680.636517843329,1389.7267953653422,40,13
853,9.765677374040065,1065.01269810846,1930.2122740976513,865.1995759891913,40,13
854,9.77572943651088,763.7682851061575,2002.7243977705818,1238.9561126644244,40,13
855,9.785781498981699,175.27565222462195,1715.6440881527374,1540.3684359281153,40,13
856,9.795833561452515,645.7463171576464,1869.5385794696208,1223.7922623119744,40,13
857,9.805885623923333,1594.6138416851945,2928.302215916019,1333.6883742308246,40,13
858,9.815937686394149,429.3732030533665,1881.4269341058784,1452.053731052512,40,13
859,9.825989748864965,1081.207124792067,2092.502088452792,1011.2949636607252,40,13
860,9.836041811335782,880.285344112512,1944.934705908967,1064.6493617964552,40,13
861,9.846093873806598,742.7111259818403,1805.749780857514,1063.0386548756737,40,13
862,9.856145936277416,571.9451278940575,1700.5204882581995,1128.575360364142,40,13
863,9.866197998748232,923.8047427371425,2288.655976199548,1364.8512334624056,40,13
864,9.876250061219048,220.18745063749293,1653.6777548573518,1433.490304219859,40,13
865,9.886302123689866,1067.4648495736496,1843.4581391429033,775.9932895692536,40,13
866,9.896354186160682,994.4560853537279,2177.6370406855276,1183.1809553317999,40,13
867,9.906406248631498,870.571208904222,2149.086002342085,1278.514793437863,40,13
868,9.916458311102316,870.5346642726449,2175.9005816077256,1305.3659173350807,40,13
869,9.926510373573132,929.3366423767683,2145.435550684791,1216.0989083080226,40,13
870,9.93656243604395,1146.0638016150783,2316.476318463882,1170.4125168488035,40,13
871,9.946614498514766,1057.6615924104892,2360.3380441455106,1302.6764517350214,40,13
872,9.956666560985582,534.7808888557174,1961.9509136694662,1427.1700248137488,40,13
873,9.9667186234564,345.47547896770755,1797.4771654641102,1452.0016864964027,40,13
874,9.976770685927216,1691.1768231757608,2072.1373691893095,380.96054601354876,40,13
875,9.986822748398033,1495.7594199605626,2465.2874620864764,969.5280421259138,40,13
876,9.99687481086885,254.0162791166279,1753.4516294854072,1499.4353503687794,40,13
877,10.006926873339665,871.5080902575496,1980.0834699042903,1108.5753796467407,40,13
878,10.016978935810483,1146.6793995016849,1691.5552543237945,544.8758548221097,40,13
879,10.0270309982813,1144.5540977200992,1983.5762528541818,839.0221551340826,40,13
880,10.037083060752115,1088.9978707502416,1906.7325290085253,817.7346582582836,40,13
881,10.047135123222933,1338.0382387850145,2108.568130946459,770.5298921614444,40,13
882,10.05718718569375,1641.2154190405215,3111.368307816019,1470.1528887754973,40,13
883,10.067239248164567,831.0439439781456,2087.9101549290526,1256.8662109509069,40,13
884,10.077291310635383,2208.052348050385,2748.509556310659,540.457208260274,40,13
885,10.087343373106199,1193.752824551942,2373.76300062723,1180.0101760752882,40,13
886,10.097395435577017,1379.8135302073988,2687.2291429108595,1307.4156127034607,40,13
887,10.107447498047833,794.1360683186865,2569.6931394647468,1775.5570711460603,40,13
888,10.11749956051865,922.4644441217145,2197.8562867609203,1275.3918426392058,40,13
889,10.127551622989467,959.5080250367874,2081.5239913018504,1122.015966265063,40,13
890,10.137603685460283,941.6041044438756,2365.5223742473527,1423.918269803477,40,13
891,10.1476557479311,961.1022607706632,2418.089825631916,1456.9875648612528,40,13
892,10.157707810401917,525.2045717027127,2305.1868660116866,1779.982294308974,40,13
893,10.167759872872733,589.127294420013,2060.411839860856,1471.2845454408432,40,13
894,10.17781193534355,240.71781790586923,1794.5034087978077,1553.7855908919385,40,13
895,10.187863997814366,242.54460840287663,1772.9681503999047,1530.4235419970282,40,13
896,10.197916060285184,1045.7629244527182,2516.6802832283993,1470.9173587756811,40,13
897,10.207968122756,921.2317571628622,2291.254283819942,1370.0225266570797,40,13
898,10.218020185226816,1175.4863237039451,2412.6815719693172,1237.1952482653721,40,13
899,10.228072247697634,1777.121104239736,3083.869034786272,1306.747930546536,40,13
900,10.23812431016845,1537.6013360236093,2933.690024460038,1396.0886884364286,40,13
901,10.248176372639268,1126.711649384274,2418.522086429894,1291.81043704562,40,13
902,10.258228435110084,1088.25081866303,2688.9928235683888,1600.7420049053587,40,13
903,10.2682804975809,982.9656008439703,2430.631620808179,1447.6660199642088,40,13
904,10.278332560051718,1711.056880945402,3052.6011692116012,1341.5442882661991,40,13
905,10.288384622522534,1017.2441581938767,2064.904601554624,1047.6604433607474,40,13
906,10.29843668499335,1368.7860091368432,2387.463627143377,1018.6776180065337,40,13
907,10.308488747464168,2117.4533741620003,3015.8058020878943,898.3524279258941,40,13
908,10.318540809934984,546.6351216318956,2215.2446496722546,1668.609528040359,40,13
909,10.328592872405801,1172.3196994031418,2475.8257133228385,1303.5060139196967,40,13
910,10.338644934876617,1136.7350973605332,2277.5790184667485,1140.8439211062152,40,13
911,10.348696997347433,1178.408834543508,2264.8305777827386,1086.4217432392306,40,13
912,10.358749059818251,349.48367367517614,1723.9713299755929,1374.4876563004168,40,13
913,10.368801122289067,655.2721319094092,1947.1061527247793,1291.8340208153702,40,13
914,10.378853184759885,1044.0802536092751,2445.114595742691,1401.034342133416,40,13
915,10.388905247230701,1664.012739703791,3174.3344778870164,1510.3217381832253,40,13
916,10.398957309701517,1285.2550603515067,2491.157549228337,1205.9024888768301,40,13
917,10.409009372172335,499.8335088095722,1759.5777907251813,1259.744281915609,40,13
918,10.419061434643151,321.92101052699184,1707.1540551877015,1385.2330446607098,40,13
919,10.429113497113967,469.36917267427737,1749.9719183694215,1280.6027456951442,40,13
920,10.439165559584785,777.6634203681182,2077.399836257416,1299.7364158892979,40,13
921,10.4492176220556,1742.1955323899426,2804.354659803899,1062.1591274139562,40,13
922,10.459269684526419,1813.9289927142786,3116.9923142577145,1303.063321543436,40,13
923,10.469321746997235,1294.7437325531275,2537.9470144574316,1243.203281904304,40,13
924,10.47937380946805,142.99683127182922,1731.3037962414778,1588.3069649696486,40,13
925,10.489425871938868,191.77500074397187,1781.8704347112805,1590.0954339673085,40,13
926,10.499477934409684,1296.4426607785924,2862.571902045349,1566.1292412667565,40,13
927,10.509529996880502,1074.7219346999896,2593.5382860432205,1518.816351343231,40,13
928,10.519582059351318,985.0011383717092,2215.6111060991416,1230.6099677274324,40,13
929,10.529634121822134,347.3245534429025,1526.5667686801996,1179.2422152372972,40,13
930,10.539686184292952,282.09700069806473,1655.2573847964104,1373.1603840983457,40,13
931,10.549738246763768,978.781968481075,2136.276835774092,1157.494867293017,40,13
932,10.559790309234586,1597.4641802278115,2630.718172377833,1033.2539921500215,40,13
933,10.569842371705402,923.1968103828119,1883.8060603405695,960.6092499577576,40,13
934,10.579894434176218,309.4915011084205,1739.99991921109,1430.5084181026696,40,13
935,10.589946496647036,186.1928577762614,1641.1398708585596,1454.947013082298,40,13
936,10.599998559117852,1437.2664539601192,2693.109784755481,1255.843330795362,40,13
937,10.610050621588668,1128.4923074070339,2465.5247057641504,1337.0323983571166,40,13
938,10.620102684059486,909.0583213761666,1999.0836162380594,1090.0252948618927,40,13
939,10.630154746530302,318.02632622381844,2006.159023293306,1688.1326970694877,40,13
940,10.64020680900112,1119.533216971569,2005.8662459130749,886.333028941506,40,13
941,10.650258871471936,1215.459489278644,2285.6350254435533,1070.1755361649093,40,13
942,10.660310933942752,1106.3641319768521,2328.665770803533,1222.301638826681,40,13
943,10.67036299641357,1258.093885117325,2456.0867248765367,1197.9928397592116,40,13
944,10.680415058884385,1099.621284166011,2349.577924703498,1249.956640537487,40,13
945,10.690467121355203,1231.9407553286658,2324.1599681464713,1092.2192128178056,40,13
946,10.70051918382602,1156.6706072956244,2196.6382639789063,1039.9676566832818,40,13
947,10.710571246296835,1034.4866556216898,2273.020748302886,1238.5340926811964,40,13
948,10.720623308767653,1053.3048367613783,2213.8312565125434,1160.5264197511651,40,13
949,10.730675371238469,1068.056079936914,2297.2894534982834,1229.2333735613693,40,13
950,10.740727433709285,784.8947943742653,2402.396663683478,1617.5018693092127,40,13
951,10.750779496180103,1118.0673311538287,2449.9229496538273,1331.8556184999986,40,13
952,10.760831558650919,1025.0906021503652,2350.5976116959687,1325.5070095456035,40,13
953,10.770883621121737,1238.8190125802682,2542.1667367548134,1303.3477241745452,40,13
954,10.780935683592553,1343.7904908406467,2578.4231742725538,1234.632683431907,40,13
955,10.790987746063369,1201.2513412113735,2518.1359045406857,1316.8845633293122,40,13
956,10.801039808534187,1242.2290747222935,2487.7933695200436,1245.56429479775,40,13
957,10.811091871005003,1288.4313359312002,2553.669014037167,1265.2376781059668,40,13
958,10.82114393347582,1342.8338166620465,2452.3726895593336,1109.538872897287,40,13
959,10.831195995946636,1377.343302823912,2639.4131920214522,1262.0698891975403,40,13
960,10.841248058417452,1328.6251672717353,2598.4328316795045,1269.8076644077692,40,13
961,10.85130012088827,1065.6107538719925,2253.589496377669,1187.9787425056766,40,13
962,10.861352183359086,1133.742005292759,2542.231832748804,1408.4898274560453,40,13
963,10.871404245829902,1294.7365102106216,2505.5542664979735,1210.8177562873518,40,13
964,10.88145630830072,1174.7394582892932,2532.8231520283985,1358.0836937391052,40,13
965,10.891508370771536,1282.4007398557221,2525.403899219881,1243.003159364159,40,13
966,10.901560433242354,1319.0661696459306,2591.756664440782,1272.6904947948515,40,13
967,10.91161249571317,1322.8721970098015,2713.0666703422057,1390.1944733324042,40,13
968,10.921664558183986,1279.8187479983605,2626.510943224317,1346.6921952259565,40,13
969,10.931716620654804,1463.6223310250277,2642.2635133052436,1178.6411822802158,40,13
970,10.94176868312562,1262.8603478473794,2676.675772464381,1413.8154246170018,40,13
971,10.951820745596438,1165.32851865947,2650.3132131867346,1484.9846945272645,40,13
972,10.961872808067254,1374.7031112636282,2519.058403382969,1144.355292119341,40,13
973,10.97192487053807,1246.092579863871,2490.365198160738,1244.2726182968672,40,13
974,10.981976933008887,704.0239221594709,1544.0385445177312,840.0146223582603,40,13
975,10.992028995479703,926.9459676458264,2203.938898787014,1276.9929311411875,40,13
976,11.00208105795052,1505.0429259170446,2686.934701689082,1181.8917757720374,40,13
977,11.012133120421337,1524.1186821427216,2609.07540534888,1084.9567232061584,40,13
978,11.022185182892153,1287.4274600557885,2543.8542923375776,1256.426832281789,40,13
979,11.032237245362971,1363.5595636442872,2496.7091511461003,1133.1495875018131,40,13
980,11.042289307833787,1464.8217789289313,2417.352388663461,952.5306097345299,40,13
981,11.052341370304603,1269.2141426938856,2480.312875808454,1211.0987331145684,40,13
982,11.062393432775421,1243.1166108397758,2471.0429407765055,1227.9263299367296,40,13
983,11.072445495246237,1437.6520141731469,2522.070225169598,1084.418210996451,40,13
984,11.082497557717055,1492.8499993817984,2585.7795894808473,1092.929590099049,40,13
985,11.09254962018787,1530.4322243387605,2652.0400476358295,1121.607823297069,40,13
986,11.102601682658687,1245.2212546486533,2609.842757012103,1364.6215023634497,40,13
987,11.112653745129505,1392.8667259061651,2605.0881782952038,1212.2214523890386,40,13
988,11.12270580760032,785.3616351932708,1954.0837396173147,1168.722104424044,40,13
989,11.132757870071137,1343.5296165696643,2630.181522116288,1286.6519055466235,40,13
990,11.142809932541955,1442.0024913246689,2632.12670934859,1190.124218023921,40,13
991,11.15286199501277,1365.6848790761026,2678.8713162264385,1313.186437150336,40,13
992,11.162914057483588,1867.0285787739183,2681.8142562467906,814.7856774728723,40,13
993,11.172966119954404,756.4848662301034,2251.546329088129,1495.0614628580256,40,13
994,11.18301818242522,305.27129676486027,1771.1685599276939,1465.8972631628335,40,13
995,11.193070244896038,1295.8787449943766,2421.6591949295944,1125.7804499352178,40,13
996,11.203122307366854,1312.233172483476,2566.211117832253,1253.977945348777,40,13
997,11.213174369837672,1317.4258727061444,2594.507299267155,1277.0814265610104,40,13
998,11.223226432308488,1166.2500624683623,2490.011678571375,1323.7616161030126,40,13
999,11.233278494779304,1266.5945006287202,2547.881564140725,1281.2870635120048,40,13
1000,11.243330557250122,1404.3863930733894,2006.892609428432,602.5062163550426,40,13
1001,11.253382619720938,1217.350232172519,2724.2265453750706,1506.8763132025515,40,13
1002,11.263434682191756,1341.5031461815568,2534.7299773678196,1193.2268311862629,40,13
1003,11.273486744662572,1526.7479283835976,2687.5316030060417,1160.783674622444,40,13
1004,11.283538807133388,1544.0501263710273,2706.7068024760615,1162.6566761050342,40,13
1005,11.293590869604206,1435.1233712839237,2621.279409204404,1186.1560379204805,40,13
1006,11.303642932075022,1341.5000905654772,2612.518856788558,1271.0187662230808,40,13
1007,11.313694994545838,1470.5560699533976,2352.655340534365,882.0992705809676,40,13
1008,11.323747057016655,1558.3784822799116,2535.3868187282424,977.0083364483307,40,13
1009,11.333799119487471,1391.5426326887762,2564.7381326688997,1173.1954999801235,40,13
1010,11.34385118195829,1233.6315637856374,2460.2255442839983,1226.593980498361,40,13
1011,11.353903244429105,1243.869672292451,2309.2905875957917,1065.4209153033407,40,13
1012,11.363955306899921,929.2502151036051,2642.9836891239815,1713.7334740203764,40,13
1013,11.374007369370739,1077.5262374071272,2509.8475097330493,1432.321272325922,40,13
1014,11.384059431841555,1135.1225891265724,2508.2194495714252,1373.0968604448528,40,13
1015,11.394111494312373,1217.4640431570804,2686.6914141959082,1469.2273710388279,40,13
1016,11.404163556783189,1075.4689520808386,2563.7684425516395,1488.299490470801,40,13
1017,11.414215619254005,1159.150772846892,2694.1681938986862,1535.0174210517941,40,13
1018,11.424267681724823,1078.4881723726696,2316.4908854801183,1238.0027131074487,40,13
1019,11.434319744195639,1206.7029657949145,2098.009128193696,891.3061623987817,40,13
1020,11.444371806666455,641.3527368954242,1753.3565760272818,1112.0038391318576,40,13
1021,11.454423869137273,1521.5756036372688,2941.4446536009186,1419.8690499636498,40,13
1022,11.464475931608089,1758.48402149687,2913.000040961105,1154.516019464235,40,13
1023,11.474527994078906,818.9991599483845,2210.5406264720514,1391.5414665236667,40,13
1024,11.484580056549722,1367.628744142436,2509.7358199655746,1142.1070758231385,40,13
1025,11.494632119020538,1519.6647043146054,2233.423256659399,713.7585523447938,40,13
1026,11.504684181491356,691.3983907592652,2043.9541006950908,1352.5557099358257,40,13
1027,11.514736243962172,1607.0733997520392,2551.0789547537997,944.0055550017605,40,13
1028,11.52478830643299,235.0340596305165,1961.4545917212438,1726.4205320907272,40,13
1029,11.534840368903806,1672.6549661855372,2438.8863394108084,766.2313732252712,40,13
1030,11.544892431374622,1794.9046195126627,2530.9342766303453,736.0296571176825,40,13
1031,11.55494449384544,475.71334252929995,2131.206911203249,1655.493568673949,40,13
1032,11.564996556316256,1590.141470045848,2495.472607161704,905.3311371158561,40,13
1033,11.575048618787072,1634.565491335799,2469.068641990614,834.5031506548153,40,13
1034,11.58510068125789,1856.267307036979,2542.7007305862066,686.4334235492277,40,13
1035,11.595152743728706,962.3538313781755,1973.1540557548637,1010.8002243766882,40,13
1036,11.605204806199524,1959.909260022997,3021.806036545103,1061.896776522106,40,13
1037,11.61525686867034,1646.718741455247,2388.5172469666345,741.7985055113875,40,13
1038,11.625308931141156,1573.9900964113872,2098.0637227654665,524.0736263540794,40,13
1039,11.635360993611974,1704.261484225225,2633.22919176394,928.9677075387149,40,13
1040,11.64541305608279,253.27112057359813,1797.273471015633,1544.0023504420349,40,13
1041,11.655465118553607,207.21896990299533,1737.3025027558247,1530.0835328528294,40,13
1042,11.665517181024423,441.75432367581806,1922.0906624459412,1480.3363387701231,40,13
1043,11.67556924349524,420.03120673874656,1897.06383179447,1477.0326250557234,40,13
1044,11.685621305966057,338.10846417045167,1678.0366563573082,1339.9281921868564,40,13
1045,11.695673368436873,364.9264960291251,1915.0185167516177,1550.0920207224926,40,13
1046,11.70572543090769,444.45520542629725,1586.4387465493942,1141.983541123097,40,13
1047,11.715777493378507,388.1581727973605,1385.7418325952654,997.5836597979048,40,13
1048,11.725829555849323,367.6102766172887,1824.0724289532473,1456.4621523359585,40,13
1049,11.73588161832014,399.81102248773186,1922.7775790627804,1522.9665565750486,40,13
1050,11.745933680790957,1107.1648076885915,2570.2102973244373,1463.0454896358458,40,13
1051,11.755985743261773,1105.6367170567955,2535.594855086616,1429.9581380298205,40,13
1052,11.76603780573259,478.2653070383235,2362.2169470816107,1883.9516400432872,40,13
1053,11.776089868203407,1385.7596548549545,2659.697858580719,1273.9382037257647,40,13
1054,11.786141930674225,404.06651622026277,2125.1530371979384,1721.0865209776757,40,13
1055,11.79619399314504,303.4939371504526,2208.51030917893,1905.0163720284775,40,13
1056,11.806246055615857,1502.0669055211483,2342.236258414069,840.1693528929209,40,13
1057,11.816298118086674,1009.5932411903291,2519.7952156142605,1510.2019744239315,40,13
1058,11.82635018055749,1045.023878936556,2502.0050294925973,1456.9811505560413,40,13
1059,11.836402243028308,1116.9747828646782,2416.529047138101,1299.5542642734226,40,13
1060,11.846454305499124,1653.2871873989357,2756.3744294162184,1103.0872420172827,40,13
1061,11.85650636796994,1256.4222395314775,2591.192974433899,1334.7707349024215,40,13
1062,11.866558430440758,2035.6637632081315,3046.2626181097503,1010.5988549016188,40,13
1063,11.876610492911574,1885.287701395676,2991.6637272681924,1106.3760258725163,40,13
1064,11.88666255538239,1438.353931486688,2425.2370262082454,986.8830947215574,40,13
1065,11.896714617853208,1279.6740982445592,2332.388813742108,1052.714715497549,40,13
1066,11.906766680324024,1375.9679836899775,2382.542545541992,1006.5745618520143,40,13
1067,11.916818742794842,1168.607986784418,2287.33153706744,1118.723550283022,40,13
1068,11.926870805265658,711.9231005379829,1569.5187144893275,857.5956139513446,40,13
1069,11.936922867736474,505.26708026939264,1472.9020817154542,967.6350014460616,40,13
1070,11.946974930207292,591.3110777231391,1776.4145293836436,1185.1034516605046,40,13
1071,11.957026992678108,613.960236353296,1871.8064827083374,1257.8462463550413,40,13
1072,11.967079055148925,837.1773640809662,2108.4953808774835,1271.3180167965174,40,13
1073,11.977131117619741,723.4784194278984,2015.5478098894282,1292.0693904615298,40,13
1074,11.987183180090557,295.2448608230366,1672.9716739021867,1377.7268130791501,40,13
1075,11.997235242561375,315.69412825792415,1563.7095939499968,1248.0154656920727,40,13
1076,12.007287305032191,341.01064377531986,1867.3232669055112,1526.3126231301912,40,13
1077,12.017339367503007,1047.6974257267061,2319.645640754365,1271.948215027659,40,13
1078,12.027391429973825,1023.1367422081566,2216.7502532802555,1193.6135110720988,40,13
1079,12.037443492444641,935.1609177934441,1882.838355393158,947.6774375997139,40,13
1080,12.047495554915459,1046.4884340601968,1948.1501008804735,901.6616668202767,40,13
1081,12.057547617386275,1136.7082860407118,2290.3779479742125,1153.6696619335007,40,13
1082,12.067599679857091,686.467289215124,1361.180997841637,674.713708626513,40,13
1083,12.077651742327909,436.34994881101477,1430.040361022289,993.6904122112743,40,13
1084,12.087703804798725,1150.7557292694567,2208.6908765306343,1057.9351472611777,40,13
1085,12.097755867269543,1396.932254993335,2644.9954110321646,1248.0631560388297,40,13
1086,12.107807929740359,1350.4329114485513,2564.7182300958348,1214.2853186472835,40,13
1087,12.117859992211175,1080.875623597354,2074.120135477075,993.2445118797211,40,13
1088,12.127912054681993,1190.6763448135036,2085.374683042628,894.6983382291244,40,13
1089,12.137964117152809,1274.4438811847076,2517.3986583732785,1242.954777188571,40,13
1090,12.148016179623625,413.49970958865356,1720.9669399140869,1307.4672303254333,40,13
1091,12.158068242094442,384.50517767761664,1907.4658638377682,1522.9606861601515,40,13
1092,12.168120304565258,299.89896208417167,2006.5594946994358,1706.6605326152642,40,13
1093,12.178172367036076,234.49124994428976,1604.691723009951,1370.200473065661,40,13
1094,12.188224429506892,192.63069503826594,1771.4737245639626,1578.8430295256967,40,13
1095,12.198276491977708,923.0989452400084,1855.4223802632764,932.323435023268,40,13
1096,12.208328554448526,1840.9773066104383,2633.4915967242473,792.514290113809,40,13
1097,12.218380616919342,1426.473409546031,2271.5569664235477,845.0835568775167,40,13
1098,12.22843267939016,1542.5676038687961,2283.3990570012097,740.8314531324136,40,13
1099,12.238484741860976,1195.465550127273,2341.928166598768,1146.4626164714948,40,13
1100,12.248536804331792,1204.4309715484126,2414.126768355968,1209.6957968075556,40,13
1101,12.25858886680261,1097.7540259644702,2191.3208705516863,1093.566844587216,40,13
1102,12.268640929273426,1029.3307897453128,2029.8069889208296,1000.4761991755167,40,13
1103,12.278692991744242,1188.6805876821568,2332.2656894666998,1143.585101784543,40,13
1104,12.28874505421506,1600.5224925717605,2969.358689976565,1368.8361974048046,40,13
1105,12.298797116685876,1027.8580017915888,2416.597176741856,1388.7391749502672,40,13
1106,12.308849179156693,1547.5183744390397,2722.383444277122,1174.8650698380825,40,13
1107,12.31890124162751,1115.1910999418387,2305.0798442441005,1189.8887443022618,40,13
1108,12.328953304098325,952.462277986828,2263.1429936836985,1310.6807156968705,40,13
1109,12.339005366569143,1113.1486794807004,2259.6896201685063,1146.540940687806,40,13
1110,12.34905742903996,1077.583877529982,2049.729749747392,972.14587221741,40,13
1111,12.359109491510777,1084.1045234751602,2109.427786933152,1025.323263457992,40,13
1112,12.369161553981593,1069.3935630189567,2291.536319870204,1222.1427568512472,40,13
1113,12.37921361645241,958.392405491565,2115.0561627228626,1156.6637572312975,40,13
1114,12.389265678923227,1508.375705182973,1902.561410657095,394.18570547412196,40,13
1115,12.399317741394043,792.9875644035963,1951.9672966670191,1158.9797322634229,40,13
